row,col,val
Aquificae,Aquificae,1
Aquificae,Desulfovibrionia,0
Aquificae,SZUA-182,0
Aquificae,AC1,0
Aquificae,UBA8468,0
Aquificae,UBA4738,0
Aquificae,4484-211,0
Aquificae,UBA2968,0
Aquificae,Kiritimatiellae,0
Aquificae,Desulfobacteria,0
Aquificae,Bacteriovoracia,0
Aquificae,Methanosarcinia,0
Aquificae,Heimdallarchaeia,0
Aquificae,Acidimicrobiia,0
Aquificae,Nitrospiria,0
Aquificae,Syntrophobacteria,0
Aquificae,WOR-3,0
Aquificae,D2-FULL-39-29,0
Aquificae,Paceibacteria_A,0
Aquificae,koll11,0
Aquificae,Dethiobacteria,0
Aquificae,Desulfobaccia,0
Aquificae,Vicinamibacteria,0
Aquificae,Desulfofervidia,0
Aquificae,HRBIN17,0
Aquificae,UBA1551,0
Aquificae,Bathyarchaeia,0
Aquificae,Campylobacteria,0
Aquificae,Dormibacteria,0
Aquificae,Moorellia,0
Aquificae,SM23-31,0
Aquificae,UBA9042,0
Aquificae,SW-10-69-26,0
Aquificae,Fermentibacteria,0
Aquificae,Planctomycetes,0
Aquificae,Holophagae,0
Aquificae,DTU014,0
Aquificae,RBG-13-66-14,0
Aquificae,UBA890,0
Aquificae,UBA9160,0
Aquificae,GWE2-31-10,0
Aquificae,Aerophobia,0
Aquificae,UBA2361,0
Aquificae,Binatia,0
Aquificae,SAR324,0
Aquificae,Magnetococcia,0
Aquificae,Syntrophorhabdia,0
Aquificae,Spirochaetia,0
Aquificae,Fimbriimonadia,0
Aquificae,Dissulfuribacteria,0
Desulfovibrionia,Aquificae,0
Desulfovibrionia,Desulfovibrionia,1
Desulfovibrionia,SZUA-182,0
Desulfovibrionia,AC1,0
Desulfovibrionia,UBA8468,0
Desulfovibrionia,UBA4738,0
Desulfovibrionia,4484-211,0
Desulfovibrionia,UBA2968,0
Desulfovibrionia,Kiritimatiellae,0.08015657306085172
Desulfovibrionia,Desulfobacteria,0.7445754703647547
Desulfovibrionia,Bacteriovoracia,-0.21947711764514097
Desulfovibrionia,Methanosarcinia,0.02034518697052253
Desulfovibrionia,Heimdallarchaeia,0
Desulfovibrionia,Acidimicrobiia,-0.5701871217444338
Desulfovibrionia,Nitrospiria,-0.5542527896932338
Desulfovibrionia,Syntrophobacteria,-0.012019497916021301
Desulfovibrionia,WOR-3,0
Desulfovibrionia,D2-FULL-39-29,0
Desulfovibrionia,Paceibacteria_A,-0.185850493670477
Desulfovibrionia,koll11,-0.10981343291347116
Desulfovibrionia,Dethiobacteria,0
Desulfovibrionia,Desulfobaccia,0
Desulfovibrionia,Vicinamibacteria,-0.6366774437988449
Desulfovibrionia,Desulfofervidia,0
Desulfovibrionia,HRBIN17,0
Desulfovibrionia,UBA1551,0
Desulfovibrionia,Bathyarchaeia,0
Desulfovibrionia,Campylobacteria,0.7356131849003962
Desulfovibrionia,Dormibacteria,-0.37664890152206165
Desulfovibrionia,Moorellia,0
Desulfovibrionia,SM23-31,0
Desulfovibrionia,UBA9042,-0.43132776203720685
Desulfovibrionia,SW-10-69-26,0
Desulfovibrionia,Fermentibacteria,0.03578585014879015
Desulfovibrionia,Planctomycetes,-0.6108345763533175
Desulfovibrionia,Holophagae,0.6584230207116303
Desulfovibrionia,DTU014,0
Desulfovibrionia,RBG-13-66-14,0
Desulfovibrionia,UBA890,0
Desulfovibrionia,UBA9160,-0.522549781496195
Desulfovibrionia,GWE2-31-10,0
Desulfovibrionia,Aerophobia,0
Desulfovibrionia,UBA2361,0
Desulfovibrionia,Binatia,-0.5393704817850956
Desulfovibrionia,SAR324,0
Desulfovibrionia,Magnetococcia,0.0965137226828466
Desulfovibrionia,Syntrophorhabdia,0.2023413672143216
Desulfovibrionia,Spirochaetia,0.3853083931908674
Desulfovibrionia,Fimbriimonadia,-0.4037269115468274
Desulfovibrionia,Dissulfuribacteria,0
SZUA-182,Aquificae,0
SZUA-182,Desulfovibrionia,0
SZUA-182,SZUA-182,1
SZUA-182,AC1,0
SZUA-182,UBA8468,0
SZUA-182,UBA4738,0
SZUA-182,4484-211,0
SZUA-182,UBA2968,0
SZUA-182,Kiritimatiellae,0
SZUA-182,Desulfobacteria,0
SZUA-182,Bacteriovoracia,0
SZUA-182,Methanosarcinia,0
SZUA-182,Heimdallarchaeia,0
SZUA-182,Acidimicrobiia,0
SZUA-182,Nitrospiria,0
SZUA-182,Syntrophobacteria,0
SZUA-182,WOR-3,0
SZUA-182,D2-FULL-39-29,0
SZUA-182,Paceibacteria_A,0
SZUA-182,koll11,0
SZUA-182,Dethiobacteria,0
SZUA-182,Desulfobaccia,0
SZUA-182,Vicinamibacteria,0
SZUA-182,Desulfofervidia,0
SZUA-182,HRBIN17,0
SZUA-182,UBA1551,0
SZUA-182,Bathyarchaeia,0
SZUA-182,Campylobacteria,0
SZUA-182,Dormibacteria,0
SZUA-182,Moorellia,0
SZUA-182,SM23-31,0
SZUA-182,UBA9042,0
SZUA-182,SW-10-69-26,0
SZUA-182,Fermentibacteria,0
SZUA-182,Planctomycetes,0
SZUA-182,Holophagae,0
SZUA-182,DTU014,0
SZUA-182,RBG-13-66-14,0
SZUA-182,UBA890,0
SZUA-182,UBA9160,0
SZUA-182,GWE2-31-10,0
SZUA-182,Aerophobia,0
SZUA-182,UBA2361,0
SZUA-182,Binatia,0
SZUA-182,SAR324,0
SZUA-182,Magnetococcia,0
SZUA-182,Syntrophorhabdia,0
SZUA-182,Spirochaetia,0
SZUA-182,Fimbriimonadia,0
SZUA-182,Dissulfuribacteria,0
AC1,Aquificae,0
AC1,Desulfovibrionia,0
AC1,SZUA-182,0
AC1,AC1,1
AC1,UBA8468,0
AC1,UBA4738,0
AC1,4484-211,0
AC1,UBA2968,0
AC1,Kiritimatiellae,0
AC1,Desulfobacteria,0
AC1,Bacteriovoracia,0
AC1,Methanosarcinia,0
AC1,Heimdallarchaeia,0
AC1,Acidimicrobiia,0
AC1,Nitrospiria,0
AC1,Syntrophobacteria,0
AC1,WOR-3,0
AC1,D2-FULL-39-29,0
AC1,Paceibacteria_A,0
AC1,koll11,0
AC1,Dethiobacteria,0
AC1,Desulfobaccia,0
AC1,Vicinamibacteria,0
AC1,Desulfofervidia,0
AC1,HRBIN17,0
AC1,UBA1551,0
AC1,Bathyarchaeia,0
AC1,Campylobacteria,0
AC1,Dormibacteria,0
AC1,Moorellia,0
AC1,SM23-31,0
AC1,UBA9042,0
AC1,SW-10-69-26,0
AC1,Fermentibacteria,0
AC1,Planctomycetes,0
AC1,Holophagae,0
AC1,DTU014,0
AC1,RBG-13-66-14,0
AC1,UBA890,0
AC1,UBA9160,0
AC1,GWE2-31-10,0
AC1,Aerophobia,0
AC1,UBA2361,0
AC1,Binatia,0
AC1,SAR324,0
AC1,Magnetococcia,0
AC1,Syntrophorhabdia,0
AC1,Spirochaetia,0
AC1,Fimbriimonadia,0
AC1,Dissulfuribacteria,0
UBA8468,Aquificae,0
UBA8468,Desulfovibrionia,0
UBA8468,SZUA-182,0
UBA8468,AC1,0
UBA8468,UBA8468,1
UBA8468,UBA4738,0
UBA8468,4484-211,0
UBA8468,UBA2968,0
UBA8468,Kiritimatiellae,0
UBA8468,Desulfobacteria,0
UBA8468,Bacteriovoracia,0
UBA8468,Methanosarcinia,0
UBA8468,Heimdallarchaeia,0
UBA8468,Acidimicrobiia,0
UBA8468,Nitrospiria,0
UBA8468,Syntrophobacteria,0
UBA8468,WOR-3,0
UBA8468,D2-FULL-39-29,0
UBA8468,Paceibacteria_A,0
UBA8468,koll11,0
UBA8468,Dethiobacteria,0
UBA8468,Desulfobaccia,0
UBA8468,Vicinamibacteria,0
UBA8468,Desulfofervidia,0
UBA8468,HRBIN17,0
UBA8468,UBA1551,0
UBA8468,Bathyarchaeia,0
UBA8468,Campylobacteria,0
UBA8468,Dormibacteria,0
UBA8468,Moorellia,0
UBA8468,SM23-31,0
UBA8468,UBA9042,0
UBA8468,SW-10-69-26,0
UBA8468,Fermentibacteria,0
UBA8468,Planctomycetes,0
UBA8468,Holophagae,0
UBA8468,DTU014,0
UBA8468,RBG-13-66-14,0
UBA8468,UBA890,0
UBA8468,UBA9160,0
UBA8468,GWE2-31-10,0
UBA8468,Aerophobia,0
UBA8468,UBA2361,0
UBA8468,Binatia,0
UBA8468,SAR324,0
UBA8468,Magnetococcia,0
UBA8468,Syntrophorhabdia,0
UBA8468,Spirochaetia,0
UBA8468,Fimbriimonadia,0
UBA8468,Dissulfuribacteria,0
UBA4738,Aquificae,0
UBA4738,Desulfovibrionia,0
UBA4738,SZUA-182,0
UBA4738,AC1,0
UBA4738,UBA8468,0
UBA4738,UBA4738,1
UBA4738,4484-211,0
UBA4738,UBA2968,0
UBA4738,Kiritimatiellae,0
UBA4738,Desulfobacteria,0
UBA4738,Bacteriovoracia,0
UBA4738,Methanosarcinia,0
UBA4738,Heimdallarchaeia,0
UBA4738,Acidimicrobiia,0
UBA4738,Nitrospiria,0
UBA4738,Syntrophobacteria,0
UBA4738,WOR-3,0
UBA4738,D2-FULL-39-29,0
UBA4738,Paceibacteria_A,0
UBA4738,koll11,0
UBA4738,Dethiobacteria,0
UBA4738,Desulfobaccia,0
UBA4738,Vicinamibacteria,0
UBA4738,Desulfofervidia,0
UBA4738,HRBIN17,0
UBA4738,UBA1551,0
UBA4738,Bathyarchaeia,0
UBA4738,Campylobacteria,0
UBA4738,Dormibacteria,0
UBA4738,Moorellia,0
UBA4738,SM23-31,0
UBA4738,UBA9042,0
UBA4738,SW-10-69-26,0
UBA4738,Fermentibacteria,0
UBA4738,Planctomycetes,0
UBA4738,Holophagae,0
UBA4738,DTU014,0
UBA4738,RBG-13-66-14,0
UBA4738,UBA890,0
UBA4738,UBA9160,0
UBA4738,GWE2-31-10,0
UBA4738,Aerophobia,0
UBA4738,UBA2361,0
UBA4738,Binatia,0
UBA4738,SAR324,0
UBA4738,Magnetococcia,0
UBA4738,Syntrophorhabdia,0
UBA4738,Spirochaetia,0
UBA4738,Fimbriimonadia,0
UBA4738,Dissulfuribacteria,0
4484-211,Aquificae,0
4484-211,Desulfovibrionia,0
4484-211,SZUA-182,0
4484-211,AC1,0
4484-211,UBA8468,0
4484-211,UBA4738,0
4484-211,4484-211,1
4484-211,UBA2968,0
4484-211,Kiritimatiellae,0
4484-211,Desulfobacteria,0
4484-211,Bacteriovoracia,0
4484-211,Methanosarcinia,0
4484-211,Heimdallarchaeia,0
4484-211,Acidimicrobiia,0
4484-211,Nitrospiria,0
4484-211,Syntrophobacteria,0
4484-211,WOR-3,0
4484-211,D2-FULL-39-29,0
4484-211,Paceibacteria_A,0
4484-211,koll11,0
4484-211,Dethiobacteria,0
4484-211,Desulfobaccia,0
4484-211,Vicinamibacteria,0
4484-211,Desulfofervidia,0
4484-211,HRBIN17,0
4484-211,UBA1551,0
4484-211,Bathyarchaeia,0
4484-211,Campylobacteria,0
4484-211,Dormibacteria,0
4484-211,Moorellia,0
4484-211,SM23-31,0
4484-211,UBA9042,0
4484-211,SW-10-69-26,0
4484-211,Fermentibacteria,0
4484-211,Planctomycetes,0
4484-211,Holophagae,0
4484-211,DTU014,0
4484-211,RBG-13-66-14,0
4484-211,UBA890,0
4484-211,UBA9160,0
4484-211,GWE2-31-10,0
4484-211,Aerophobia,0
4484-211,UBA2361,0
4484-211,Binatia,0
4484-211,SAR324,0
4484-211,Magnetococcia,0
4484-211,Syntrophorhabdia,0
4484-211,Spirochaetia,0
4484-211,Fimbriimonadia,0
4484-211,Dissulfuribacteria,0
UBA2968,Aquificae,0
UBA2968,Desulfovibrionia,0
UBA2968,SZUA-182,0
UBA2968,AC1,0
UBA2968,UBA8468,0
UBA2968,UBA4738,0
UBA2968,4484-211,0
UBA2968,UBA2968,1
UBA2968,Kiritimatiellae,0
UBA2968,Desulfobacteria,0
UBA2968,Bacteriovoracia,0
UBA2968,Methanosarcinia,0
UBA2968,Heimdallarchaeia,0
UBA2968,Acidimicrobiia,0
UBA2968,Nitrospiria,0
UBA2968,Syntrophobacteria,0
UBA2968,WOR-3,0
UBA2968,D2-FULL-39-29,0
UBA2968,Paceibacteria_A,0
UBA2968,koll11,0
UBA2968,Dethiobacteria,0
UBA2968,Desulfobaccia,0
UBA2968,Vicinamibacteria,0
UBA2968,Desulfofervidia,0
UBA2968,HRBIN17,0
UBA2968,UBA1551,0
UBA2968,Bathyarchaeia,0
UBA2968,Campylobacteria,0
UBA2968,Dormibacteria,0
UBA2968,Moorellia,0
UBA2968,SM23-31,0
UBA2968,UBA9042,0
UBA2968,SW-10-69-26,0
UBA2968,Fermentibacteria,0
UBA2968,Planctomycetes,0
UBA2968,Holophagae,0
UBA2968,DTU014,0
UBA2968,RBG-13-66-14,0
UBA2968,UBA890,0
UBA2968,UBA9160,0
UBA2968,GWE2-31-10,0
UBA2968,Aerophobia,0
UBA2968,UBA2361,0
UBA2968,Binatia,0
UBA2968,SAR324,0
UBA2968,Magnetococcia,0
UBA2968,Syntrophorhabdia,0
UBA2968,Spirochaetia,0
UBA2968,Fimbriimonadia,0
UBA2968,Dissulfuribacteria,0
Kiritimatiellae,Aquificae,0
Kiritimatiellae,Desulfovibrionia,0.08015657306085172
Kiritimatiellae,SZUA-182,0
Kiritimatiellae,AC1,0
Kiritimatiellae,UBA8468,0
Kiritimatiellae,UBA4738,0
Kiritimatiellae,4484-211,0
Kiritimatiellae,UBA2968,0
Kiritimatiellae,Kiritimatiellae,1
Kiritimatiellae,Desulfobacteria,0.5478216876168122
Kiritimatiellae,Bacteriovoracia,0.1289997235366785
Kiritimatiellae,Methanosarcinia,0.8222268257977897
Kiritimatiellae,Heimdallarchaeia,0
Kiritimatiellae,Acidimicrobiia,0.09315268446585061
Kiritimatiellae,Nitrospiria,0.10263864651767753
Kiritimatiellae,Syntrophobacteria,0.7481032516024316
Kiritimatiellae,WOR-3,0
Kiritimatiellae,D2-FULL-39-29,0
Kiritimatiellae,Paceibacteria_A,0.36339296612325966
Kiritimatiellae,koll11,0.26954432628027863
Kiritimatiellae,Dethiobacteria,0
Kiritimatiellae,Desulfobaccia,0
Kiritimatiellae,Vicinamibacteria,0.06953790292760355
Kiritimatiellae,Desulfofervidia,0
Kiritimatiellae,HRBIN17,0
Kiritimatiellae,UBA1551,0
Kiritimatiellae,Bathyarchaeia,0
Kiritimatiellae,Campylobacteria,0.09678890183824228
Kiritimatiellae,Dormibacteria,0.13536905691288692
Kiritimatiellae,Moorellia,0
Kiritimatiellae,SM23-31,0
Kiritimatiellae,UBA9042,-4.0079593502787654e-05
Kiritimatiellae,SW-10-69-26,0
Kiritimatiellae,Fermentibacteria,0.5885791496126508
Kiritimatiellae,Planctomycetes,0.11910452651976236
Kiritimatiellae,Holophagae,0.21897687469954277
Kiritimatiellae,DTU014,0
Kiritimatiellae,RBG-13-66-14,0
Kiritimatiellae,UBA890,0
Kiritimatiellae,UBA9160,0.05629452735376791
Kiritimatiellae,GWE2-31-10,0
Kiritimatiellae,Aerophobia,0
Kiritimatiellae,UBA2361,0
Kiritimatiellae,Binatia,0.03611015757613555
Kiritimatiellae,SAR324,0
Kiritimatiellae,Magnetococcia,0.08121441216129174
Kiritimatiellae,Syntrophorhabdia,0.5965533762979681
Kiritimatiellae,Spirochaetia,0.7504200910366793
Kiritimatiellae,Fimbriimonadia,0.057778954107796585
Kiritimatiellae,Dissulfuribacteria,0
Desulfobacteria,Aquificae,0
Desulfobacteria,Desulfovibrionia,0.7445754703647547
Desulfobacteria,SZUA-182,0
Desulfobacteria,AC1,0
Desulfobacteria,UBA8468,0
Desulfobacteria,UBA4738,0
Desulfobacteria,4484-211,0
Desulfobacteria,UBA2968,0
Desulfobacteria,Kiritimatiellae,0.5478216876168122
Desulfobacteria,Desulfobacteria,1
Desulfobacteria,Bacteriovoracia,-0.13392483695081944
Desulfobacteria,Methanosarcinia,0.41278884705003904
Desulfobacteria,Heimdallarchaeia,0
Desulfobacteria,Acidimicrobiia,-0.23949247125225276
Desulfobacteria,Nitrospiria,-0.22479903737903875
Desulfobacteria,Syntrophobacteria,0.31286267727822764
Desulfobacteria,WOR-3,0
Desulfobacteria,D2-FULL-39-29,0
Desulfobacteria,Paceibacteria_A,0.09830616700633284
Desulfobacteria,koll11,0.2030573706675327
Desulfobacteria,Dethiobacteria,0
Desulfobacteria,Desulfobaccia,0
Desulfobacteria,Vicinamibacteria,-0.28568128456808906
Desulfobacteria,Desulfofervidia,0
Desulfobacteria,HRBIN17,0
Desulfobacteria,UBA1551,0
Desulfobacteria,Bathyarchaeia,0
Desulfobacteria,Campylobacteria,0.483625251487699
Desulfobacteria,Dormibacteria,-0.06631831146096273
Desulfobacteria,Moorellia,0
Desulfobacteria,SM23-31,0
Desulfobacteria,UBA9042,-0.22671519068607596
Desulfobacteria,SW-10-69-26,0
Desulfobacteria,Fermentibacteria,0.17352041254548467
Desulfobacteria,Planctomycetes,-0.23515615748350707
Desulfobacteria,Holophagae,0.685133944716136
Desulfobacteria,DTU014,0
Desulfobacteria,RBG-13-66-14,0
Desulfobacteria,UBA890,0
Desulfobacteria,UBA9160,-0.23154627379472173
Desulfobacteria,GWE2-31-10,0
Desulfobacteria,Aerophobia,0
Desulfobacteria,UBA2361,0
Desulfobacteria,Binatia,-0.23897902509904825
Desulfobacteria,SAR324,0
Desulfobacteria,Magnetococcia,0.23787042342557385
Desulfobacteria,Syntrophorhabdia,0.5078175637040591
Desulfobacteria,Spirochaetia,0.7127071717995218
Desulfobacteria,Fimbriimonadia,-0.17558213436718031
Desulfobacteria,Dissulfuribacteria,0
Bacteriovoracia,Aquificae,0
Bacteriovoracia,Desulfovibrionia,-0.21947711764514097
Bacteriovoracia,SZUA-182,0
Bacteriovoracia,AC1,0
Bacteriovoracia,UBA8468,0
Bacteriovoracia,UBA4738,0
Bacteriovoracia,4484-211,0
Bacteriovoracia,UBA2968,0
Bacteriovoracia,Kiritimatiellae,0.1289997235366785
Bacteriovoracia,Desulfobacteria,-0.13392483695081944
Bacteriovoracia,Bacteriovoracia,1
Bacteriovoracia,Methanosarcinia,0.15357058880095242
Bacteriovoracia,Heimdallarchaeia,0
Bacteriovoracia,Acidimicrobiia,0.08378096038814455
Bacteriovoracia,Nitrospiria,0.06157133900608089
Bacteriovoracia,Syntrophobacteria,0.3295251469823359
Bacteriovoracia,WOR-3,0
Bacteriovoracia,D2-FULL-39-29,0
Bacteriovoracia,Paceibacteria_A,0.08799453098299326
Bacteriovoracia,koll11,-0.1120370776811793
Bacteriovoracia,Dethiobacteria,0
Bacteriovoracia,Desulfobaccia,0
Bacteriovoracia,Vicinamibacteria,-0.052085768823259805
Bacteriovoracia,Desulfofervidia,0
Bacteriovoracia,HRBIN17,0
Bacteriovoracia,UBA1551,0
Bacteriovoracia,Bathyarchaeia,0
Bacteriovoracia,Campylobacteria,0.030860446819643537
Bacteriovoracia,Dormibacteria,-0.10250924897795965
Bacteriovoracia,Moorellia,0
Bacteriovoracia,SM23-31,0
Bacteriovoracia,UBA9042,-0.15568481807868603
Bacteriovoracia,SW-10-69-26,0
Bacteriovoracia,Fermentibacteria,0.21343903312832227
Bacteriovoracia,Planctomycetes,-0.054751950001356194
Bacteriovoracia,Holophagae,-0.1258591944282385
Bacteriovoracia,DTU014,0
Bacteriovoracia,RBG-13-66-14,0
Bacteriovoracia,UBA890,0
Bacteriovoracia,UBA9160,-0.09553009004728538
Bacteriovoracia,GWE2-31-10,0
Bacteriovoracia,Aerophobia,0
Bacteriovoracia,UBA2361,0
Bacteriovoracia,Binatia,-0.0713921915170714
Bacteriovoracia,SAR324,0
Bacteriovoracia,Magnetococcia,-0.08602727351892292
Bacteriovoracia,Syntrophorhabdia,0.0891495340506155
Bacteriovoracia,Spirochaetia,-0.0709919543653023
Bacteriovoracia,Fimbriimonadia,-0.04586791535990872
Bacteriovoracia,Dissulfuribacteria,0
Methanosarcinia,Aquificae,0
Methanosarcinia,Desulfovibrionia,0.02034518697052253
Methanosarcinia,SZUA-182,0
Methanosarcinia,AC1,0
Methanosarcinia,UBA8468,0
Methanosarcinia,UBA4738,0
Methanosarcinia,4484-211,0
Methanosarcinia,UBA2968,0
Methanosarcinia,Kiritimatiellae,0.8222268257977897
Methanosarcinia,Desulfobacteria,0.41278884705003904
Methanosarcinia,Bacteriovoracia,0.15357058880095242
Methanosarcinia,Methanosarcinia,1
Methanosarcinia,Heimdallarchaeia,0
Methanosarcinia,Acidimicrobiia,0.10446671371912851
Methanosarcinia,Nitrospiria,0.0016854224893787795
Methanosarcinia,Syntrophobacteria,0.7186884044753912
Methanosarcinia,WOR-3,0
Methanosarcinia,D2-FULL-39-29,0
Methanosarcinia,Paceibacteria_A,0.3340035759766582
Methanosarcinia,koll11,0.25463169353930915
Methanosarcinia,Dethiobacteria,0
Methanosarcinia,Desulfobaccia,0
Methanosarcinia,Vicinamibacteria,-0.10322479540917917
Methanosarcinia,Desulfofervidia,0
Methanosarcinia,HRBIN17,0
Methanosarcinia,UBA1551,0
Methanosarcinia,Bathyarchaeia,0
Methanosarcinia,Campylobacteria,0.08344879776964617
Methanosarcinia,Dormibacteria,0.009226850542015162
Methanosarcinia,Moorellia,0
Methanosarcinia,SM23-31,0
Methanosarcinia,UBA9042,-0.1384715952871211
Methanosarcinia,SW-10-69-26,0
Methanosarcinia,Fermentibacteria,0.4605995144006164
Methanosarcinia,Planctomycetes,-0.04139819990407265
Methanosarcinia,Holophagae,0.1358862245423649
Methanosarcinia,DTU014,0
Methanosarcinia,RBG-13-66-14,0
Methanosarcinia,UBA890,0
Methanosarcinia,UBA9160,-0.08488573538417313
Methanosarcinia,GWE2-31-10,0
Methanosarcinia,Aerophobia,0
Methanosarcinia,UBA2361,0
Methanosarcinia,Binatia,-0.09191065685146581
Methanosarcinia,SAR324,0
Methanosarcinia,Magnetococcia,-0.05389697608843303
Methanosarcinia,Syntrophorhabdia,0.6921644837259286
Methanosarcinia,Spirochaetia,0.5748626177046955
Methanosarcinia,Fimbriimonadia,-0.030872556777948996
Methanosarcinia,Dissulfuribacteria,0
Heimdallarchaeia,Aquificae,0
Heimdallarchaeia,Desulfovibrionia,0
Heimdallarchaeia,SZUA-182,0
Heimdallarchaeia,AC1,0
Heimdallarchaeia,UBA8468,0
Heimdallarchaeia,UBA4738,0
Heimdallarchaeia,4484-211,0
Heimdallarchaeia,UBA2968,0
Heimdallarchaeia,Kiritimatiellae,0
Heimdallarchaeia,Desulfobacteria,0
Heimdallarchaeia,Bacteriovoracia,0
Heimdallarchaeia,Methanosarcinia,0
Heimdallarchaeia,Heimdallarchaeia,1
Heimdallarchaeia,Acidimicrobiia,0
Heimdallarchaeia,Nitrospiria,0
Heimdallarchaeia,Syntrophobacteria,0
Heimdallarchaeia,WOR-3,0
Heimdallarchaeia,D2-FULL-39-29,0
Heimdallarchaeia,Paceibacteria_A,0
Heimdallarchaeia,koll11,0
Heimdallarchaeia,Dethiobacteria,0
Heimdallarchaeia,Desulfobaccia,0
Heimdallarchaeia,Vicinamibacteria,0
Heimdallarchaeia,Desulfofervidia,0
Heimdallarchaeia,HRBIN17,0
Heimdallarchaeia,UBA1551,0
Heimdallarchaeia,Bathyarchaeia,0
Heimdallarchaeia,Campylobacteria,0
Heimdallarchaeia,Dormibacteria,0
Heimdallarchaeia,Moorellia,0
Heimdallarchaeia,SM23-31,0
Heimdallarchaeia,UBA9042,0
Heimdallarchaeia,SW-10-69-26,0
Heimdallarchaeia,Fermentibacteria,0
Heimdallarchaeia,Planctomycetes,0
Heimdallarchaeia,Holophagae,0
Heimdallarchaeia,DTU014,0
Heimdallarchaeia,RBG-13-66-14,0
Heimdallarchaeia,UBA890,0
Heimdallarchaeia,UBA9160,0
Heimdallarchaeia,GWE2-31-10,0
Heimdallarchaeia,Aerophobia,0
Heimdallarchaeia,UBA2361,0
Heimdallarchaeia,Binatia,0
Heimdallarchaeia,SAR324,0
Heimdallarchaeia,Magnetococcia,0
Heimdallarchaeia,Syntrophorhabdia,0
Heimdallarchaeia,Spirochaetia,0
Heimdallarchaeia,Fimbriimonadia,0
Heimdallarchaeia,Dissulfuribacteria,0
Acidimicrobiia,Aquificae,0
Acidimicrobiia,Desulfovibrionia,-0.5701871217444338
Acidimicrobiia,SZUA-182,0
Acidimicrobiia,AC1,0
Acidimicrobiia,UBA8468,0
Acidimicrobiia,UBA4738,0
Acidimicrobiia,4484-211,0
Acidimicrobiia,UBA2968,0
Acidimicrobiia,Kiritimatiellae,0.09315268446585061
Acidimicrobiia,Desulfobacteria,-0.23949247125225276
Acidimicrobiia,Bacteriovoracia,0.08378096038814455
Acidimicrobiia,Methanosarcinia,0.10446671371912851
Acidimicrobiia,Heimdallarchaeia,0
Acidimicrobiia,Acidimicrobiia,1
Acidimicrobiia,Nitrospiria,0.8696003858404275
Acidimicrobiia,Syntrophobacteria,0.18516393567109216
Acidimicrobiia,WOR-3,0
Acidimicrobiia,D2-FULL-39-29,0
Acidimicrobiia,Paceibacteria_A,-0.02058116109384845
Acidimicrobiia,koll11,-0.02612070505237125
Acidimicrobiia,Dethiobacteria,0
Acidimicrobiia,Desulfobaccia,0
Acidimicrobiia,Vicinamibacteria,0.6176970371095426
Acidimicrobiia,Desulfofervidia,0
Acidimicrobiia,HRBIN17,0
Acidimicrobiia,UBA1551,0
Acidimicrobiia,Bathyarchaeia,0
Acidimicrobiia,Campylobacteria,-0.5554315139233984
Acidimicrobiia,Dormibacteria,0.33511071742621606
Acidimicrobiia,Moorellia,0
Acidimicrobiia,SM23-31,0
Acidimicrobiia,UBA9042,0.3392926249668796
Acidimicrobiia,SW-10-69-26,0
Acidimicrobiia,Fermentibacteria,-0.06863173189935656
Acidimicrobiia,Planctomycetes,0.562012142438175
Acidimicrobiia,Holophagae,-0.30855653253749915
Acidimicrobiia,DTU014,0
Acidimicrobiia,RBG-13-66-14,0
Acidimicrobiia,UBA890,0
Acidimicrobiia,UBA9160,0.45962616763575254
Acidimicrobiia,GWE2-31-10,0
Acidimicrobiia,Aerophobia,0
Acidimicrobiia,UBA2361,0
Acidimicrobiia,Binatia,0.5330161870919101
Acidimicrobiia,SAR324,0
Acidimicrobiia,Magnetococcia,-0.10486011775467174
Acidimicrobiia,Syntrophorhabdia,-0.004618278534261966
Acidimicrobiia,Spirochaetia,-0.08636780387563614
Acidimicrobiia,Fimbriimonadia,0.16746224970977489
Acidimicrobiia,Dissulfuribacteria,0
Nitrospiria,Aquificae,0
Nitrospiria,Desulfovibrionia,-0.5542527896932338
Nitrospiria,SZUA-182,0
Nitrospiria,AC1,0
Nitrospiria,UBA8468,0
Nitrospiria,UBA4738,0
Nitrospiria,4484-211,0
Nitrospiria,UBA2968,0
Nitrospiria,Kiritimatiellae,0.10263864651767753
Nitrospiria,Desulfobacteria,-0.22479903737903875
Nitrospiria,Bacteriovoracia,0.06157133900608089
Nitrospiria,Methanosarcinia,0.0016854224893787795
Nitrospiria,Heimdallarchaeia,0
Nitrospiria,Acidimicrobiia,0.8696003858404275
Nitrospiria,Nitrospiria,1
Nitrospiria,Syntrophobacteria,0.12401822505274278
Nitrospiria,WOR-3,0
Nitrospiria,D2-FULL-39-29,0
Nitrospiria,Paceibacteria_A,0.03533037809500762
Nitrospiria,koll11,0.1250750521952109
Nitrospiria,Dethiobacteria,0
Nitrospiria,Desulfobaccia,0
Nitrospiria,Vicinamibacteria,0.7938388225272256
Nitrospiria,Desulfofervidia,0
Nitrospiria,HRBIN17,0
Nitrospiria,UBA1551,0
Nitrospiria,Bathyarchaeia,0
Nitrospiria,Campylobacteria,-0.5965241256375395
Nitrospiria,Dormibacteria,0.498222738778411
Nitrospiria,Moorellia,0
Nitrospiria,SM23-31,0
Nitrospiria,UBA9042,0.4623710007374149
Nitrospiria,SW-10-69-26,0
Nitrospiria,Fermentibacteria,-0.09320321416396171
Nitrospiria,Planctomycetes,0.716407735202674
Nitrospiria,Holophagae,-0.14502510504041685
Nitrospiria,DTU014,0
Nitrospiria,RBG-13-66-14,0
Nitrospiria,UBA890,0
Nitrospiria,UBA9160,0.659167767686967
Nitrospiria,GWE2-31-10,0
Nitrospiria,Aerophobia,0
Nitrospiria,UBA2361,0
Nitrospiria,Binatia,0.7434564151853021
Nitrospiria,SAR324,0
Nitrospiria,Magnetococcia,0.062488105496063685
Nitrospiria,Syntrophorhabdia,-0.10076122008181998
Nitrospiria,Spirochaetia,-0.10682576315951046
Nitrospiria,Fimbriimonadia,0.39519747054456106
Nitrospiria,Dissulfuribacteria,0
Syntrophobacteria,Aquificae,0
Syntrophobacteria,Desulfovibrionia,-0.012019497916021301
Syntrophobacteria,SZUA-182,0
Syntrophobacteria,AC1,0
Syntrophobacteria,UBA8468,0
Syntrophobacteria,UBA4738,0
Syntrophobacteria,4484-211,0
Syntrophobacteria,UBA2968,0
Syntrophobacteria,Kiritimatiellae,0.7481032516024316
Syntrophobacteria,Desulfobacteria,0.31286267727822764
Syntrophobacteria,Bacteriovoracia,0.3295251469823359
Syntrophobacteria,Methanosarcinia,0.7186884044753912
Syntrophobacteria,Heimdallarchaeia,0
Syntrophobacteria,Acidimicrobiia,0.18516393567109216
Syntrophobacteria,Nitrospiria,0.12401822505274278
Syntrophobacteria,Syntrophobacteria,1
Syntrophobacteria,WOR-3,0
Syntrophobacteria,D2-FULL-39-29,0
Syntrophobacteria,Paceibacteria_A,0.1475695042945977
Syntrophobacteria,koll11,0.1440634489576447
Syntrophobacteria,Dethiobacteria,0
Syntrophobacteria,Desulfobaccia,0
Syntrophobacteria,Vicinamibacteria,-0.029970476027382557
Syntrophobacteria,Desulfofervidia,0
Syntrophobacteria,HRBIN17,0
Syntrophobacteria,UBA1551,0
Syntrophobacteria,Bathyarchaeia,0
Syntrophobacteria,Campylobacteria,0.06364456772352252
Syntrophobacteria,Dormibacteria,0.016890150495516155
Syntrophobacteria,Moorellia,0
Syntrophobacteria,SM23-31,0
Syntrophobacteria,UBA9042,-0.10315961359820092
Syntrophobacteria,SW-10-69-26,0
Syntrophobacteria,Fermentibacteria,0.5811017224804581
Syntrophobacteria,Planctomycetes,0.010384012311365548
Syntrophobacteria,Holophagae,0.04207935825242858
Syntrophobacteria,DTU014,0
Syntrophobacteria,RBG-13-66-14,0
Syntrophobacteria,UBA890,0
Syntrophobacteria,UBA9160,-0.030602870663118717
Syntrophobacteria,GWE2-31-10,0
Syntrophobacteria,Aerophobia,0
Syntrophobacteria,UBA2361,0
Syntrophobacteria,Binatia,-0.04350025559746379
Syntrophobacteria,SAR324,0
Syntrophobacteria,Magnetococcia,0.05903359464982022
Syntrophobacteria,Syntrophorhabdia,0.5095637351916951
Syntrophobacteria,Spirochaetia,0.5027995054157526
Syntrophobacteria,Fimbriimonadia,0.013633025142192747
Syntrophobacteria,Dissulfuribacteria,0
WOR-3,Aquificae,0
WOR-3,Desulfovibrionia,0
WOR-3,SZUA-182,0
WOR-3,AC1,0
WOR-3,UBA8468,0
WOR-3,UBA4738,0
WOR-3,4484-211,0
WOR-3,UBA2968,0
WOR-3,Kiritimatiellae,0
WOR-3,Desulfobacteria,0
WOR-3,Bacteriovoracia,0
WOR-3,Methanosarcinia,0
WOR-3,Heimdallarchaeia,0
WOR-3,Acidimicrobiia,0
WOR-3,Nitrospiria,0
WOR-3,Syntrophobacteria,0
WOR-3,WOR-3,1
WOR-3,D2-FULL-39-29,0
WOR-3,Paceibacteria_A,0
WOR-3,koll11,0
WOR-3,Dethiobacteria,0
WOR-3,Desulfobaccia,0
WOR-3,Vicinamibacteria,0
WOR-3,Desulfofervidia,0
WOR-3,HRBIN17,0
WOR-3,UBA1551,0
WOR-3,Bathyarchaeia,0
WOR-3,Campylobacteria,0
WOR-3,Dormibacteria,0
WOR-3,Moorellia,0
WOR-3,SM23-31,0
WOR-3,UBA9042,0
WOR-3,SW-10-69-26,0
WOR-3,Fermentibacteria,0
WOR-3,Planctomycetes,0
WOR-3,Holophagae,0
WOR-3,DTU014,0
WOR-3,RBG-13-66-14,0
WOR-3,UBA890,0
WOR-3,UBA9160,0
WOR-3,GWE2-31-10,0
WOR-3,Aerophobia,0
WOR-3,UBA2361,0
WOR-3,Binatia,0
WOR-3,SAR324,0
WOR-3,Magnetococcia,0
WOR-3,Syntrophorhabdia,0
WOR-3,Spirochaetia,0
WOR-3,Fimbriimonadia,0
WOR-3,Dissulfuribacteria,0
D2-FULL-39-29,Aquificae,0
D2-FULL-39-29,Desulfovibrionia,0
D2-FULL-39-29,SZUA-182,0
D2-FULL-39-29,AC1,0
D2-FULL-39-29,UBA8468,0
D2-FULL-39-29,UBA4738,0
D2-FULL-39-29,4484-211,0
D2-FULL-39-29,UBA2968,0
D2-FULL-39-29,Kiritimatiellae,0
D2-FULL-39-29,Desulfobacteria,0
D2-FULL-39-29,Bacteriovoracia,0
D2-FULL-39-29,Methanosarcinia,0
D2-FULL-39-29,Heimdallarchaeia,0
D2-FULL-39-29,Acidimicrobiia,0
D2-FULL-39-29,Nitrospiria,0
D2-FULL-39-29,Syntrophobacteria,0
D2-FULL-39-29,WOR-3,0
D2-FULL-39-29,D2-FULL-39-29,1
D2-FULL-39-29,Paceibacteria_A,0
D2-FULL-39-29,koll11,0
D2-FULL-39-29,Dethiobacteria,0
D2-FULL-39-29,Desulfobaccia,0
D2-FULL-39-29,Vicinamibacteria,0
D2-FULL-39-29,Desulfofervidia,0
D2-FULL-39-29,HRBIN17,0
D2-FULL-39-29,UBA1551,0
D2-FULL-39-29,Bathyarchaeia,0
D2-FULL-39-29,Campylobacteria,0
D2-FULL-39-29,Dormibacteria,0
D2-FULL-39-29,Moorellia,0
D2-FULL-39-29,SM23-31,0
D2-FULL-39-29,UBA9042,0
D2-FULL-39-29,SW-10-69-26,0
D2-FULL-39-29,Fermentibacteria,0
D2-FULL-39-29,Planctomycetes,0
D2-FULL-39-29,Holophagae,0
D2-FULL-39-29,DTU014,0
D2-FULL-39-29,RBG-13-66-14,0
D2-FULL-39-29,UBA890,0
D2-FULL-39-29,UBA9160,0
D2-FULL-39-29,GWE2-31-10,0
D2-FULL-39-29,Aerophobia,0
D2-FULL-39-29,UBA2361,0
D2-FULL-39-29,Binatia,0
D2-FULL-39-29,SAR324,0
D2-FULL-39-29,Magnetococcia,0
D2-FULL-39-29,Syntrophorhabdia,0
D2-FULL-39-29,Spirochaetia,0
D2-FULL-39-29,Fimbriimonadia,0
D2-FULL-39-29,Dissulfuribacteria,0
Paceibacteria_A,Aquificae,0
Paceibacteria_A,Desulfovibrionia,-0.185850493670477
Paceibacteria_A,SZUA-182,0
Paceibacteria_A,AC1,0
Paceibacteria_A,UBA8468,0
Paceibacteria_A,UBA4738,0
Paceibacteria_A,4484-211,0
Paceibacteria_A,UBA2968,0
Paceibacteria_A,Kiritimatiellae,0.36339296612325966
Paceibacteria_A,Desulfobacteria,0.09830616700633284
Paceibacteria_A,Bacteriovoracia,0.08799453098299326
Paceibacteria_A,Methanosarcinia,0.3340035759766582
Paceibacteria_A,Heimdallarchaeia,0
Paceibacteria_A,Acidimicrobiia,-0.02058116109384845
Paceibacteria_A,Nitrospiria,0.03533037809500762
Paceibacteria_A,Syntrophobacteria,0.1475695042945977
Paceibacteria_A,WOR-3,0
Paceibacteria_A,D2-FULL-39-29,0
Paceibacteria_A,Paceibacteria_A,1
Paceibacteria_A,koll11,0.48028533430529413
Paceibacteria_A,Dethiobacteria,0
Paceibacteria_A,Desulfobaccia,0
Paceibacteria_A,Vicinamibacteria,0.24643551943680347
Paceibacteria_A,Desulfofervidia,0
Paceibacteria_A,HRBIN17,0
Paceibacteria_A,UBA1551,0
Paceibacteria_A,Bathyarchaeia,0
Paceibacteria_A,Campylobacteria,-0.22318644603174712
Paceibacteria_A,Dormibacteria,0.19529622293329468
Paceibacteria_A,Moorellia,0
Paceibacteria_A,SM23-31,0
Paceibacteria_A,UBA9042,-0.05082661672184977
Paceibacteria_A,SW-10-69-26,0
Paceibacteria_A,Fermentibacteria,0.029999415283922234
Paceibacteria_A,Planctomycetes,0.3845674579980002
Paceibacteria_A,Holophagae,0.006539061021123683
Paceibacteria_A,DTU014,0
Paceibacteria_A,RBG-13-66-14,0
Paceibacteria_A,UBA890,0
Paceibacteria_A,UBA9160,0.3314202516541432
Paceibacteria_A,GWE2-31-10,0
Paceibacteria_A,Aerophobia,0
Paceibacteria_A,UBA2361,0
Paceibacteria_A,Binatia,0.3174794599384175
Paceibacteria_A,SAR324,0
Paceibacteria_A,Magnetococcia,-0.050262958721952786
Paceibacteria_A,Syntrophorhabdia,0.17059750058595305
Paceibacteria_A,Spirochaetia,0.20568028057176524
Paceibacteria_A,Fimbriimonadia,0.4192303889521714
Paceibacteria_A,Dissulfuribacteria,0
koll11,Aquificae,0
koll11,Desulfovibrionia,-0.10981343291347116
koll11,SZUA-182,0
koll11,AC1,0
koll11,UBA8468,0
koll11,UBA4738,0
koll11,4484-211,0
koll11,UBA2968,0
koll11,Kiritimatiellae,0.26954432628027863
koll11,Desulfobacteria,0.2030573706675327
koll11,Bacteriovoracia,-0.1120370776811793
koll11,Methanosarcinia,0.25463169353930915
koll11,Heimdallarchaeia,0
koll11,Acidimicrobiia,-0.02612070505237125
koll11,Nitrospiria,0.1250750521952109
koll11,Syntrophobacteria,0.1440634489576447
koll11,WOR-3,0
koll11,D2-FULL-39-29,0
koll11,Paceibacteria_A,0.48028533430529413
koll11,koll11,1
koll11,Dethiobacteria,0
koll11,Desulfobaccia,0
koll11,Vicinamibacteria,0.38743662403105833
koll11,Desulfofervidia,0
koll11,HRBIN17,0
koll11,UBA1551,0
koll11,Bathyarchaeia,0
koll11,Campylobacteria,-0.22568447398265318
koll11,Dormibacteria,0.5002511393070086
koll11,Moorellia,0
koll11,SM23-31,0
koll11,UBA9042,0.2649705329124247
koll11,SW-10-69-26,0
koll11,Fermentibacteria,-0.010308525400400795
koll11,Planctomycetes,0.5098978776032909
koll11,Holophagae,0.2613480891901541
koll11,DTU014,0
koll11,RBG-13-66-14,0
koll11,UBA890,0
koll11,UBA9160,0.5041875824360361
koll11,GWE2-31-10,0
koll11,Aerophobia,0
koll11,UBA2361,0
koll11,Binatia,0.4742150711167193
koll11,SAR324,0
koll11,Magnetococcia,0.3893493927722608
koll11,Syntrophorhabdia,0.1447728214839559
koll11,Spirochaetia,0.22106195805631923
koll11,Fimbriimonadia,0.6701152122519963
koll11,Dissulfuribacteria,0
Dethiobacteria,Aquificae,0
Dethiobacteria,Desulfovibrionia,0
Dethiobacteria,SZUA-182,0
Dethiobacteria,AC1,0
Dethiobacteria,UBA8468,0
Dethiobacteria,UBA4738,0
Dethiobacteria,4484-211,0
Dethiobacteria,UBA2968,0
Dethiobacteria,Kiritimatiellae,0
Dethiobacteria,Desulfobacteria,0
Dethiobacteria,Bacteriovoracia,0
Dethiobacteria,Methanosarcinia,0
Dethiobacteria,Heimdallarchaeia,0
Dethiobacteria,Acidimicrobiia,0
Dethiobacteria,Nitrospiria,0
Dethiobacteria,Syntrophobacteria,0
Dethiobacteria,WOR-3,0
Dethiobacteria,D2-FULL-39-29,0
Dethiobacteria,Paceibacteria_A,0
Dethiobacteria,koll11,0
Dethiobacteria,Dethiobacteria,1
Dethiobacteria,Desulfobaccia,0
Dethiobacteria,Vicinamibacteria,0
Dethiobacteria,Desulfofervidia,0
Dethiobacteria,HRBIN17,0
Dethiobacteria,UBA1551,0
Dethiobacteria,Bathyarchaeia,0
Dethiobacteria,Campylobacteria,0
Dethiobacteria,Dormibacteria,0
Dethiobacteria,Moorellia,0
Dethiobacteria,SM23-31,0
Dethiobacteria,UBA9042,0
Dethiobacteria,SW-10-69-26,0
Dethiobacteria,Fermentibacteria,0
Dethiobacteria,Planctomycetes,0
Dethiobacteria,Holophagae,0
Dethiobacteria,DTU014,0
Dethiobacteria,RBG-13-66-14,0
Dethiobacteria,UBA890,0
Dethiobacteria,UBA9160,0
Dethiobacteria,GWE2-31-10,0
Dethiobacteria,Aerophobia,0
Dethiobacteria,UBA2361,0
Dethiobacteria,Binatia,0
Dethiobacteria,SAR324,0
Dethiobacteria,Magnetococcia,0
Dethiobacteria,Syntrophorhabdia,0
Dethiobacteria,Spirochaetia,0
Dethiobacteria,Fimbriimonadia,0
Dethiobacteria,Dissulfuribacteria,0
Desulfobaccia,Aquificae,0
Desulfobaccia,Desulfovibrionia,0
Desulfobaccia,SZUA-182,0
Desulfobaccia,AC1,0
Desulfobaccia,UBA8468,0
Desulfobaccia,UBA4738,0
Desulfobaccia,4484-211,0
Desulfobaccia,UBA2968,0
Desulfobaccia,Kiritimatiellae,0
Desulfobaccia,Desulfobacteria,0
Desulfobaccia,Bacteriovoracia,0
Desulfobaccia,Methanosarcinia,0
Desulfobaccia,Heimdallarchaeia,0
Desulfobaccia,Acidimicrobiia,0
Desulfobaccia,Nitrospiria,0
Desulfobaccia,Syntrophobacteria,0
Desulfobaccia,WOR-3,0
Desulfobaccia,D2-FULL-39-29,0
Desulfobaccia,Paceibacteria_A,0
Desulfobaccia,koll11,0
Desulfobaccia,Dethiobacteria,0
Desulfobaccia,Desulfobaccia,1
Desulfobaccia,Vicinamibacteria,0
Desulfobaccia,Desulfofervidia,0
Desulfobaccia,HRBIN17,0
Desulfobaccia,UBA1551,0
Desulfobaccia,Bathyarchaeia,0
Desulfobaccia,Campylobacteria,0
Desulfobaccia,Dormibacteria,0
Desulfobaccia,Moorellia,0
Desulfobaccia,SM23-31,0
Desulfobaccia,UBA9042,0
Desulfobaccia,SW-10-69-26,0
Desulfobaccia,Fermentibacteria,0
Desulfobaccia,Planctomycetes,0
Desulfobaccia,Holophagae,0
Desulfobaccia,DTU014,0
Desulfobaccia,RBG-13-66-14,0
Desulfobaccia,UBA890,0
Desulfobaccia,UBA9160,0
Desulfobaccia,GWE2-31-10,0
Desulfobaccia,Aerophobia,0
Desulfobaccia,UBA2361,0
Desulfobaccia,Binatia,0
Desulfobaccia,SAR324,0
Desulfobaccia,Magnetococcia,0
Desulfobaccia,Syntrophorhabdia,0
Desulfobaccia,Spirochaetia,0
Desulfobaccia,Fimbriimonadia,0
Desulfobaccia,Dissulfuribacteria,0
Vicinamibacteria,Aquificae,0
Vicinamibacteria,Desulfovibrionia,-0.6366774437988449
Vicinamibacteria,SZUA-182,0
Vicinamibacteria,AC1,0
Vicinamibacteria,UBA8468,0
Vicinamibacteria,UBA4738,0
Vicinamibacteria,4484-211,0
Vicinamibacteria,UBA2968,0
Vicinamibacteria,Kiritimatiellae,0.06953790292760355
Vicinamibacteria,Desulfobacteria,-0.28568128456808906
Vicinamibacteria,Bacteriovoracia,-0.052085768823259805
Vicinamibacteria,Methanosarcinia,-0.10322479540917917
Vicinamibacteria,Heimdallarchaeia,0
Vicinamibacteria,Acidimicrobiia,0.6176970371095426
Vicinamibacteria,Nitrospiria,0.7938388225272256
Vicinamibacteria,Syntrophobacteria,-0.029970476027382557
Vicinamibacteria,WOR-3,0
Vicinamibacteria,D2-FULL-39-29,0
Vicinamibacteria,Paceibacteria_A,0.24643551943680347
Vicinamibacteria,koll11,0.38743662403105833
Vicinamibacteria,Dethiobacteria,0
Vicinamibacteria,Desulfobaccia,0
Vicinamibacteria,Vicinamibacteria,1
Vicinamibacteria,Desulfofervidia,0
Vicinamibacteria,HRBIN17,0
Vicinamibacteria,UBA1551,0
Vicinamibacteria,Bathyarchaeia,0
Vicinamibacteria,Campylobacteria,-0.7733892470534937
Vicinamibacteria,Dormibacteria,0.7913814940183883
Vicinamibacteria,Moorellia,0
Vicinamibacteria,SM23-31,0
Vicinamibacteria,UBA9042,0.7720862312006913
Vicinamibacteria,SW-10-69-26,0
Vicinamibacteria,Fermentibacteria,-0.12486597431547328
Vicinamibacteria,Planctomycetes,0.9689371211834272
Vicinamibacteria,Holophagae,-0.1464239400539787
Vicinamibacteria,DTU014,0
Vicinamibacteria,RBG-13-66-14,0
Vicinamibacteria,UBA890,0
Vicinamibacteria,UBA9160,0.8768253993004437
Vicinamibacteria,GWE2-31-10,0
Vicinamibacteria,Aerophobia,0
Vicinamibacteria,UBA2361,0
Vicinamibacteria,Binatia,0.8913533517734854
Vicinamibacteria,SAR324,0
Vicinamibacteria,Magnetococcia,0.20926879482775365
Vicinamibacteria,Syntrophorhabdia,-0.2256765887601902
Vicinamibacteria,Spirochaetia,-0.12763016368037164
Vicinamibacteria,Fimbriimonadia,0.7005149237653017
Vicinamibacteria,Dissulfuribacteria,0
Desulfofervidia,Aquificae,0
Desulfofervidia,Desulfovibrionia,0
Desulfofervidia,SZUA-182,0
Desulfofervidia,AC1,0
Desulfofervidia,UBA8468,0
Desulfofervidia,UBA4738,0
Desulfofervidia,4484-211,0
Desulfofervidia,UBA2968,0
Desulfofervidia,Kiritimatiellae,0
Desulfofervidia,Desulfobacteria,0
Desulfofervidia,Bacteriovoracia,0
Desulfofervidia,Methanosarcinia,0
Desulfofervidia,Heimdallarchaeia,0
Desulfofervidia,Acidimicrobiia,0
Desulfofervidia,Nitrospiria,0
Desulfofervidia,Syntrophobacteria,0
Desulfofervidia,WOR-3,0
Desulfofervidia,D2-FULL-39-29,0
Desulfofervidia,Paceibacteria_A,0
Desulfofervidia,koll11,0
Desulfofervidia,Dethiobacteria,0
Desulfofervidia,Desulfobaccia,0
Desulfofervidia,Vicinamibacteria,0
Desulfofervidia,Desulfofervidia,1
Desulfofervidia,HRBIN17,0
Desulfofervidia,UBA1551,0
Desulfofervidia,Bathyarchaeia,0
Desulfofervidia,Campylobacteria,0
Desulfofervidia,Dormibacteria,0
Desulfofervidia,Moorellia,0
Desulfofervidia,SM23-31,0
Desulfofervidia,UBA9042,0
Desulfofervidia,SW-10-69-26,0
Desulfofervidia,Fermentibacteria,0
Desulfofervidia,Planctomycetes,0
Desulfofervidia,Holophagae,0
Desulfofervidia,DTU014,0
Desulfofervidia,RBG-13-66-14,0
Desulfofervidia,UBA890,0
Desulfofervidia,UBA9160,0
Desulfofervidia,GWE2-31-10,0
Desulfofervidia,Aerophobia,0
Desulfofervidia,UBA2361,0
Desulfofervidia,Binatia,0
Desulfofervidia,SAR324,0
Desulfofervidia,Magnetococcia,0
Desulfofervidia,Syntrophorhabdia,0
Desulfofervidia,Spirochaetia,0
Desulfofervidia,Fimbriimonadia,0
Desulfofervidia,Dissulfuribacteria,0
HRBIN17,Aquificae,0
HRBIN17,Desulfovibrionia,0
HRBIN17,SZUA-182,0
HRBIN17,AC1,0
HRBIN17,UBA8468,0
HRBIN17,UBA4738,0
HRBIN17,4484-211,0
HRBIN17,UBA2968,0
HRBIN17,Kiritimatiellae,0
HRBIN17,Desulfobacteria,0
HRBIN17,Bacteriovoracia,0
HRBIN17,Methanosarcinia,0
HRBIN17,Heimdallarchaeia,0
HRBIN17,Acidimicrobiia,0
HRBIN17,Nitrospiria,0
HRBIN17,Syntrophobacteria,0
HRBIN17,WOR-3,0
HRBIN17,D2-FULL-39-29,0
HRBIN17,Paceibacteria_A,0
HRBIN17,koll11,0
HRBIN17,Dethiobacteria,0
HRBIN17,Desulfobaccia,0
HRBIN17,Vicinamibacteria,0
HRBIN17,Desulfofervidia,0
HRBIN17,HRBIN17,1
HRBIN17,UBA1551,0
HRBIN17,Bathyarchaeia,0
HRBIN17,Campylobacteria,0
HRBIN17,Dormibacteria,0
HRBIN17,Moorellia,0
HRBIN17,SM23-31,0
HRBIN17,UBA9042,0
HRBIN17,SW-10-69-26,0
HRBIN17,Fermentibacteria,0
HRBIN17,Planctomycetes,0
HRBIN17,Holophagae,0
HRBIN17,DTU014,0
HRBIN17,RBG-13-66-14,0
HRBIN17,UBA890,0
HRBIN17,UBA9160,0
HRBIN17,GWE2-31-10,0
HRBIN17,Aerophobia,0
HRBIN17,UBA2361,0
HRBIN17,Binatia,0
HRBIN17,SAR324,0
HRBIN17,Magnetococcia,0
HRBIN17,Syntrophorhabdia,0
HRBIN17,Spirochaetia,0
HRBIN17,Fimbriimonadia,0
HRBIN17,Dissulfuribacteria,0
UBA1551,Aquificae,0
UBA1551,Desulfovibrionia,0
UBA1551,SZUA-182,0
UBA1551,AC1,0
UBA1551,UBA8468,0
UBA1551,UBA4738,0
UBA1551,4484-211,0
UBA1551,UBA2968,0
UBA1551,Kiritimatiellae,0
UBA1551,Desulfobacteria,0
UBA1551,Bacteriovoracia,0
UBA1551,Methanosarcinia,0
UBA1551,Heimdallarchaeia,0
UBA1551,Acidimicrobiia,0
UBA1551,Nitrospiria,0
UBA1551,Syntrophobacteria,0
UBA1551,WOR-3,0
UBA1551,D2-FULL-39-29,0
UBA1551,Paceibacteria_A,0
UBA1551,koll11,0
UBA1551,Dethiobacteria,0
UBA1551,Desulfobaccia,0
UBA1551,Vicinamibacteria,0
UBA1551,Desulfofervidia,0
UBA1551,HRBIN17,0
UBA1551,UBA1551,1
UBA1551,Bathyarchaeia,0
UBA1551,Campylobacteria,0
UBA1551,Dormibacteria,0
UBA1551,Moorellia,0
UBA1551,SM23-31,0
UBA1551,UBA9042,0
UBA1551,SW-10-69-26,0
UBA1551,Fermentibacteria,0
UBA1551,Planctomycetes,0
UBA1551,Holophagae,0
UBA1551,DTU014,0
UBA1551,RBG-13-66-14,0
UBA1551,UBA890,0
UBA1551,UBA9160,0
UBA1551,GWE2-31-10,0
UBA1551,Aerophobia,0
UBA1551,UBA2361,0
UBA1551,Binatia,0
UBA1551,SAR324,0
UBA1551,Magnetococcia,0
UBA1551,Syntrophorhabdia,0
UBA1551,Spirochaetia,0
UBA1551,Fimbriimonadia,0
UBA1551,Dissulfuribacteria,0
Bathyarchaeia,Aquificae,0
Bathyarchaeia,Desulfovibrionia,0
Bathyarchaeia,SZUA-182,0
Bathyarchaeia,AC1,0
Bathyarchaeia,UBA8468,0
Bathyarchaeia,UBA4738,0
Bathyarchaeia,4484-211,0
Bathyarchaeia,UBA2968,0
Bathyarchaeia,Kiritimatiellae,0
Bathyarchaeia,Desulfobacteria,0
Bathyarchaeia,Bacteriovoracia,0
Bathyarchaeia,Methanosarcinia,0
Bathyarchaeia,Heimdallarchaeia,0
Bathyarchaeia,Acidimicrobiia,0
Bathyarchaeia,Nitrospiria,0
Bathyarchaeia,Syntrophobacteria,0
Bathyarchaeia,WOR-3,0
Bathyarchaeia,D2-FULL-39-29,0
Bathyarchaeia,Paceibacteria_A,0
Bathyarchaeia,koll11,0
Bathyarchaeia,Dethiobacteria,0
Bathyarchaeia,Desulfobaccia,0
Bathyarchaeia,Vicinamibacteria,0
Bathyarchaeia,Desulfofervidia,0
Bathyarchaeia,HRBIN17,0
Bathyarchaeia,UBA1551,0
Bathyarchaeia,Bathyarchaeia,1
Bathyarchaeia,Campylobacteria,0
Bathyarchaeia,Dormibacteria,0
Bathyarchaeia,Moorellia,0
Bathyarchaeia,SM23-31,0
Bathyarchaeia,UBA9042,0
Bathyarchaeia,SW-10-69-26,0
Bathyarchaeia,Fermentibacteria,0
Bathyarchaeia,Planctomycetes,0
Bathyarchaeia,Holophagae,0
Bathyarchaeia,DTU014,0
Bathyarchaeia,RBG-13-66-14,0
Bathyarchaeia,UBA890,0
Bathyarchaeia,UBA9160,0
Bathyarchaeia,GWE2-31-10,0
Bathyarchaeia,Aerophobia,0
Bathyarchaeia,UBA2361,0
Bathyarchaeia,Binatia,0
Bathyarchaeia,SAR324,0
Bathyarchaeia,Magnetococcia,0
Bathyarchaeia,Syntrophorhabdia,0
Bathyarchaeia,Spirochaetia,0
Bathyarchaeia,Fimbriimonadia,0
Bathyarchaeia,Dissulfuribacteria,0
Campylobacteria,Aquificae,0
Campylobacteria,Desulfovibrionia,0.7356131849003962
Campylobacteria,SZUA-182,0
Campylobacteria,AC1,0
Campylobacteria,UBA8468,0
Campylobacteria,UBA4738,0
Campylobacteria,4484-211,0
Campylobacteria,UBA2968,0
Campylobacteria,Kiritimatiellae,0.09678890183824228
Campylobacteria,Desulfobacteria,0.483625251487699
Campylobacteria,Bacteriovoracia,0.030860446819643537
Campylobacteria,Methanosarcinia,0.08344879776964617
Campylobacteria,Heimdallarchaeia,0
Campylobacteria,Acidimicrobiia,-0.5554315139233984
Campylobacteria,Nitrospiria,-0.5965241256375395
Campylobacteria,Syntrophobacteria,0.06364456772352252
Campylobacteria,WOR-3,0
Campylobacteria,D2-FULL-39-29,0
Campylobacteria,Paceibacteria_A,-0.22318644603174712
Campylobacteria,koll11,-0.22568447398265318
Campylobacteria,Dethiobacteria,0
Campylobacteria,Desulfobaccia,0
Campylobacteria,Vicinamibacteria,-0.7733892470534937
Campylobacteria,Desulfofervidia,0
Campylobacteria,HRBIN17,0
Campylobacteria,UBA1551,0
Campylobacteria,Bathyarchaeia,0
Campylobacteria,Campylobacteria,1
Campylobacteria,Dormibacteria,-0.6523453849668138
Campylobacteria,Moorellia,0
Campylobacteria,SM23-31,0
Campylobacteria,UBA9042,-0.5355617656445666
Campylobacteria,SW-10-69-26,0
Campylobacteria,Fermentibacteria,0.19946219342134153
Campylobacteria,Planctomycetes,-0.7616364846799947
Campylobacteria,Holophagae,0.4465588776446481
Campylobacteria,DTU014,0
Campylobacteria,RBG-13-66-14,0
Campylobacteria,UBA890,0
Campylobacteria,UBA9160,-0.654453372242801
Campylobacteria,GWE2-31-10,0
Campylobacteria,Aerophobia,0
Campylobacteria,UBA2361,0
Campylobacteria,Binatia,-0.6519594444072173
Campylobacteria,SAR324,0
Campylobacteria,Magnetococcia,-0.11542575409112059
Campylobacteria,Syntrophorhabdia,0.2459986703624655
Campylobacteria,Spirochaetia,0.3411148381089143
Campylobacteria,Fimbriimonadia,-0.5189766441274496
Campylobacteria,Dissulfuribacteria,0
Dormibacteria,Aquificae,0
Dormibacteria,Desulfovibrionia,-0.37664890152206165
Dormibacteria,SZUA-182,0
Dormibacteria,AC1,0
Dormibacteria,UBA8468,0
Dormibacteria,UBA4738,0
Dormibacteria,4484-211,0
Dormibacteria,UBA2968,0
Dormibacteria,Kiritimatiellae,0.13536905691288692
Dormibacteria,Desulfobacteria,-0.06631831146096273
Dormibacteria,Bacteriovoracia,-0.10250924897795965
Dormibacteria,Methanosarcinia,0.009226850542015162
Dormibacteria,Heimdallarchaeia,0
Dormibacteria,Acidimicrobiia,0.33511071742621606
Dormibacteria,Nitrospiria,0.498222738778411
Dormibacteria,Syntrophobacteria,0.016890150495516155
Dormibacteria,WOR-3,0
Dormibacteria,D2-FULL-39-29,0
Dormibacteria,Paceibacteria_A,0.19529622293329468
Dormibacteria,koll11,0.5002511393070086
Dormibacteria,Dethiobacteria,0
Dormibacteria,Desulfobaccia,0
Dormibacteria,Vicinamibacteria,0.7913814940183883
Dormibacteria,Desulfofervidia,0
Dormibacteria,HRBIN17,0
Dormibacteria,UBA1551,0
Dormibacteria,Bathyarchaeia,0
Dormibacteria,Campylobacteria,-0.6523453849668138
Dormibacteria,Dormibacteria,1
Dormibacteria,Moorellia,0
Dormibacteria,SM23-31,0
Dormibacteria,UBA9042,0.6529640810036749
Dormibacteria,SW-10-69-26,0
Dormibacteria,Fermentibacteria,-0.035107755168142005
Dormibacteria,Planctomycetes,0.8252173875221946
Dormibacteria,Holophagae,0.07457513057806714
Dormibacteria,DTU014,0
Dormibacteria,RBG-13-66-14,0
Dormibacteria,UBA890,0
Dormibacteria,UBA9160,0.667233538931622
Dormibacteria,GWE2-31-10,0
Dormibacteria,Aerophobia,0
Dormibacteria,UBA2361,0
Dormibacteria,Binatia,0.6657549951855263
Dormibacteria,SAR324,0
Dormibacteria,Magnetococcia,0.3469604882168633
Dormibacteria,Syntrophorhabdia,-0.14698118456954581
Dormibacteria,Spirochaetia,-0.025295886035965703
Dormibacteria,Fimbriimonadia,0.6111940985613266
Dormibacteria,Dissulfuribacteria,0
Moorellia,Aquificae,0
Moorellia,Desulfovibrionia,0
Moorellia,SZUA-182,0
Moorellia,AC1,0
Moorellia,UBA8468,0
Moorellia,UBA4738,0
Moorellia,4484-211,0
Moorellia,UBA2968,0
Moorellia,Kiritimatiellae,0
Moorellia,Desulfobacteria,0
Moorellia,Bacteriovoracia,0
Moorellia,Methanosarcinia,0
Moorellia,Heimdallarchaeia,0
Moorellia,Acidimicrobiia,0
Moorellia,Nitrospiria,0
Moorellia,Syntrophobacteria,0
Moorellia,WOR-3,0
Moorellia,D2-FULL-39-29,0
Moorellia,Paceibacteria_A,0
Moorellia,koll11,0
Moorellia,Dethiobacteria,0
Moorellia,Desulfobaccia,0
Moorellia,Vicinamibacteria,0
Moorellia,Desulfofervidia,0
Moorellia,HRBIN17,0
Moorellia,UBA1551,0
Moorellia,Bathyarchaeia,0
Moorellia,Campylobacteria,0
Moorellia,Dormibacteria,0
Moorellia,Moorellia,1
Moorellia,SM23-31,0
Moorellia,UBA9042,0
Moorellia,SW-10-69-26,0
Moorellia,Fermentibacteria,0
Moorellia,Planctomycetes,0
Moorellia,Holophagae,0
Moorellia,DTU014,0
Moorellia,RBG-13-66-14,0
Moorellia,UBA890,0
Moorellia,UBA9160,0
Moorellia,GWE2-31-10,0
Moorellia,Aerophobia,0
Moorellia,UBA2361,0
Moorellia,Binatia,0
Moorellia,SAR324,0
Moorellia,Magnetococcia,0
Moorellia,Syntrophorhabdia,0
Moorellia,Spirochaetia,0
Moorellia,Fimbriimonadia,0
Moorellia,Dissulfuribacteria,0
SM23-31,Aquificae,0
SM23-31,Desulfovibrionia,0
SM23-31,SZUA-182,0
SM23-31,AC1,0
SM23-31,UBA8468,0
SM23-31,UBA4738,0
SM23-31,4484-211,0
SM23-31,UBA2968,0
SM23-31,Kiritimatiellae,0
SM23-31,Desulfobacteria,0
SM23-31,Bacteriovoracia,0
SM23-31,Methanosarcinia,0
SM23-31,Heimdallarchaeia,0
SM23-31,Acidimicrobiia,0
SM23-31,Nitrospiria,0
SM23-31,Syntrophobacteria,0
SM23-31,WOR-3,0
SM23-31,D2-FULL-39-29,0
SM23-31,Paceibacteria_A,0
SM23-31,koll11,0
SM23-31,Dethiobacteria,0
SM23-31,Desulfobaccia,0
SM23-31,Vicinamibacteria,0
SM23-31,Desulfofervidia,0
SM23-31,HRBIN17,0
SM23-31,UBA1551,0
SM23-31,Bathyarchaeia,0
SM23-31,Campylobacteria,0
SM23-31,Dormibacteria,0
SM23-31,Moorellia,0
SM23-31,SM23-31,1
SM23-31,UBA9042,0
SM23-31,SW-10-69-26,0
SM23-31,Fermentibacteria,0
SM23-31,Planctomycetes,0
SM23-31,Holophagae,0
SM23-31,DTU014,0
SM23-31,RBG-13-66-14,0
SM23-31,UBA890,0
SM23-31,UBA9160,0
SM23-31,GWE2-31-10,0
SM23-31,Aerophobia,0
SM23-31,UBA2361,0
SM23-31,Binatia,0
SM23-31,SAR324,0
SM23-31,Magnetococcia,0
SM23-31,Syntrophorhabdia,0
SM23-31,Spirochaetia,0
SM23-31,Fimbriimonadia,0
SM23-31,Dissulfuribacteria,0
UBA9042,Aquificae,0
UBA9042,Desulfovibrionia,-0.43132776203720685
UBA9042,SZUA-182,0
UBA9042,AC1,0
UBA9042,UBA8468,0
UBA9042,UBA4738,0
UBA9042,4484-211,0
UBA9042,UBA2968,0
UBA9042,Kiritimatiellae,-4.0079593502787654e-05
UBA9042,Desulfobacteria,-0.22671519068607596
UBA9042,Bacteriovoracia,-0.15568481807868603
UBA9042,Methanosarcinia,-0.1384715952871211
UBA9042,Heimdallarchaeia,0
UBA9042,Acidimicrobiia,0.3392926249668796
UBA9042,Nitrospiria,0.4623710007374149
UBA9042,Syntrophobacteria,-0.10315961359820092
UBA9042,WOR-3,0
UBA9042,D2-FULL-39-29,0
UBA9042,Paceibacteria_A,-0.05082661672184977
UBA9042,koll11,0.2649705329124247
UBA9042,Dethiobacteria,0
UBA9042,Desulfobaccia,0
UBA9042,Vicinamibacteria,0.7720862312006913
UBA9042,Desulfofervidia,0
UBA9042,HRBIN17,0
UBA9042,UBA1551,0
UBA9042,Bathyarchaeia,0
UBA9042,Campylobacteria,-0.5355617656445666
UBA9042,Dormibacteria,0.6529640810036749
UBA9042,Moorellia,0
UBA9042,SM23-31,0
UBA9042,UBA9042,1
UBA9042,SW-10-69-26,0
UBA9042,Fermentibacteria,-0.07792882196356173
UBA9042,Planctomycetes,0.7252130467618014
UBA9042,Holophagae,-0.05926280235198611
UBA9042,DTU014,0
UBA9042,RBG-13-66-14,0
UBA9042,UBA890,0
UBA9042,UBA9160,0.7599315703213637
UBA9042,GWE2-31-10,0
UBA9042,Aerophobia,0
UBA9042,UBA2361,0
UBA9042,Binatia,0.7334469042634986
UBA9042,SAR324,0
UBA9042,Magnetococcia,0.2569558289899563
UBA9042,Syntrophorhabdia,-0.23350403111372142
UBA9042,Spirochaetia,-0.09871829446225328
UBA9042,Fimbriimonadia,0.5388129105762953
UBA9042,Dissulfuribacteria,0
SW-10-69-26,Aquificae,0
SW-10-69-26,Desulfovibrionia,0
SW-10-69-26,SZUA-182,0
SW-10-69-26,AC1,0
SW-10-69-26,UBA8468,0
SW-10-69-26,UBA4738,0
SW-10-69-26,4484-211,0
SW-10-69-26,UBA2968,0
SW-10-69-26,Kiritimatiellae,0
SW-10-69-26,Desulfobacteria,0
SW-10-69-26,Bacteriovoracia,0
SW-10-69-26,Methanosarcinia,0
SW-10-69-26,Heimdallarchaeia,0
SW-10-69-26,Acidimicrobiia,0
SW-10-69-26,Nitrospiria,0
SW-10-69-26,Syntrophobacteria,0
SW-10-69-26,WOR-3,0
SW-10-69-26,D2-FULL-39-29,0
SW-10-69-26,Paceibacteria_A,0
SW-10-69-26,koll11,0
SW-10-69-26,Dethiobacteria,0
SW-10-69-26,Desulfobaccia,0
SW-10-69-26,Vicinamibacteria,0
SW-10-69-26,Desulfofervidia,0
SW-10-69-26,HRBIN17,0
SW-10-69-26,UBA1551,0
SW-10-69-26,Bathyarchaeia,0
SW-10-69-26,Campylobacteria,0
SW-10-69-26,Dormibacteria,0
SW-10-69-26,Moorellia,0
SW-10-69-26,SM23-31,0
SW-10-69-26,UBA9042,0
SW-10-69-26,SW-10-69-26,1
SW-10-69-26,Fermentibacteria,0
SW-10-69-26,Planctomycetes,0
SW-10-69-26,Holophagae,0
SW-10-69-26,DTU014,0
SW-10-69-26,RBG-13-66-14,0
SW-10-69-26,UBA890,0
SW-10-69-26,UBA9160,0
SW-10-69-26,GWE2-31-10,0
SW-10-69-26,Aerophobia,0
SW-10-69-26,UBA2361,0
SW-10-69-26,Binatia,0
SW-10-69-26,SAR324,0
SW-10-69-26,Magnetococcia,0
SW-10-69-26,Syntrophorhabdia,0
SW-10-69-26,Spirochaetia,0
SW-10-69-26,Fimbriimonadia,0
SW-10-69-26,Dissulfuribacteria,0
Fermentibacteria,Aquificae,0
Fermentibacteria,Desulfovibrionia,0.03578585014879015
Fermentibacteria,SZUA-182,0
Fermentibacteria,AC1,0
Fermentibacteria,UBA8468,0
Fermentibacteria,UBA4738,0
Fermentibacteria,4484-211,0
Fermentibacteria,UBA2968,0
Fermentibacteria,Kiritimatiellae,0.5885791496126508
Fermentibacteria,Desulfobacteria,0.17352041254548467
Fermentibacteria,Bacteriovoracia,0.21343903312832227
Fermentibacteria,Methanosarcinia,0.4605995144006164
Fermentibacteria,Heimdallarchaeia,0
Fermentibacteria,Acidimicrobiia,-0.06863173189935656
Fermentibacteria,Nitrospiria,-0.09320321416396171
Fermentibacteria,Syntrophobacteria,0.5811017224804581
Fermentibacteria,WOR-3,0
Fermentibacteria,D2-FULL-39-29,0
Fermentibacteria,Paceibacteria_A,0.029999415283922234
Fermentibacteria,koll11,-0.010308525400400795
Fermentibacteria,Dethiobacteria,0
Fermentibacteria,Desulfobaccia,0
Fermentibacteria,Vicinamibacteria,-0.12486597431547328
Fermentibacteria,Desulfofervidia,0
Fermentibacteria,HRBIN17,0
Fermentibacteria,UBA1551,0
Fermentibacteria,Bathyarchaeia,0
Fermentibacteria,Campylobacteria,0.19946219342134153
Fermentibacteria,Dormibacteria,-0.035107755168142005
Fermentibacteria,Moorellia,0
Fermentibacteria,SM23-31,0
Fermentibacteria,UBA9042,-0.07792882196356173
Fermentibacteria,SW-10-69-26,0
Fermentibacteria,Fermentibacteria,1
Fermentibacteria,Planctomycetes,-0.09426229439011041
Fermentibacteria,Holophagae,0.011866179044116992
Fermentibacteria,DTU014,0
Fermentibacteria,RBG-13-66-14,0
Fermentibacteria,UBA890,0
Fermentibacteria,UBA9160,-0.10470749523328333
Fermentibacteria,GWE2-31-10,0
Fermentibacteria,Aerophobia,0
Fermentibacteria,UBA2361,0
Fermentibacteria,Binatia,-0.11266410825072948
Fermentibacteria,SAR324,0
Fermentibacteria,Magnetococcia,-0.04359687336938326
Fermentibacteria,Syntrophorhabdia,0.23191080899010807
Fermentibacteria,Spirochaetia,0.3085544930993434
Fermentibacteria,Fimbriimonadia,-0.08683532303375997
Fermentibacteria,Dissulfuribacteria,0
Planctomycetes,Aquificae,0
Planctomycetes,Desulfovibrionia,-0.6108345763533175
Planctomycetes,SZUA-182,0
Planctomycetes,AC1,0
Planctomycetes,UBA8468,0
Planctomycetes,UBA4738,0
Planctomycetes,4484-211,0
Planctomycetes,UBA2968,0
Planctomycetes,Kiritimatiellae,0.11910452651976236
Planctomycetes,Desulfobacteria,-0.23515615748350707
Planctomycetes,Bacteriovoracia,-0.054751950001356194
Planctomycetes,Methanosarcinia,-0.04139819990407265
Planctomycetes,Heimdallarchaeia,0
Planctomycetes,Acidimicrobiia,0.562012142438175
Planctomycetes,Nitrospiria,0.716407735202674
Planctomycetes,Syntrophobacteria,0.010384012311365548
Planctomycetes,WOR-3,0
Planctomycetes,D2-FULL-39-29,0
Planctomycetes,Paceibacteria_A,0.3845674579980002
Planctomycetes,koll11,0.5098978776032909
Planctomycetes,Dethiobacteria,0
Planctomycetes,Desulfobaccia,0
Planctomycetes,Vicinamibacteria,0.9689371211834272
Planctomycetes,Desulfofervidia,0
Planctomycetes,HRBIN17,0
Planctomycetes,UBA1551,0
Planctomycetes,Bathyarchaeia,0
Planctomycetes,Campylobacteria,-0.7616364846799947
Planctomycetes,Dormibacteria,0.8252173875221946
Planctomycetes,Moorellia,0
Planctomycetes,SM23-31,0
Planctomycetes,UBA9042,0.7252130467618014
Planctomycetes,SW-10-69-26,0
Planctomycetes,Fermentibacteria,-0.09426229439011041
Planctomycetes,Planctomycetes,1
Planctomycetes,Holophagae,-0.11746038727735438
Planctomycetes,DTU014,0
Planctomycetes,RBG-13-66-14,0
Planctomycetes,UBA890,0
Planctomycetes,UBA9160,0.8874170189648916
Planctomycetes,GWE2-31-10,0
Planctomycetes,Aerophobia,0
Planctomycetes,UBA2361,0
Planctomycetes,Binatia,0.8929487348489485
Planctomycetes,SAR324,0
Planctomycetes,Magnetococcia,0.26857795337455187
Planctomycetes,Syntrophorhabdia,-0.191529331779828
Planctomycetes,Spirochaetia,-0.08684215616459999
Planctomycetes,Fimbriimonadia,0.7778493903008766
Planctomycetes,Dissulfuribacteria,0
Holophagae,Aquificae,0
Holophagae,Desulfovibrionia,0.6584230207116303
Holophagae,SZUA-182,0
Holophagae,AC1,0
Holophagae,UBA8468,0
Holophagae,UBA4738,0
Holophagae,4484-211,0
Holophagae,UBA2968,0
Holophagae,Kiritimatiellae,0.21897687469954277
Holophagae,Desulfobacteria,0.685133944716136
Holophagae,Bacteriovoracia,-0.1258591944282385
Holophagae,Methanosarcinia,0.1358862245423649
Holophagae,Heimdallarchaeia,0
Holophagae,Acidimicrobiia,-0.30855653253749915
Holophagae,Nitrospiria,-0.14502510504041685
Holophagae,Syntrophobacteria,0.04207935825242858
Holophagae,WOR-3,0
Holophagae,D2-FULL-39-29,0
Holophagae,Paceibacteria_A,0.006539061021123683
Holophagae,koll11,0.2613480891901541
Holophagae,Dethiobacteria,0
Holophagae,Desulfobaccia,0
Holophagae,Vicinamibacteria,-0.1464239400539787
Holophagae,Desulfofervidia,0
Holophagae,HRBIN17,0
Holophagae,UBA1551,0
Holophagae,Bathyarchaeia,0
Holophagae,Campylobacteria,0.4465588776446481
Holophagae,Dormibacteria,0.07457513057806714
Holophagae,Moorellia,0
Holophagae,SM23-31,0
Holophagae,UBA9042,-0.05926280235198611
Holophagae,SW-10-69-26,0
Holophagae,Fermentibacteria,0.011866179044116992
Holophagae,Planctomycetes,-0.11746038727735438
Holophagae,Holophagae,1
Holophagae,DTU014,0
Holophagae,RBG-13-66-14,0
Holophagae,UBA890,0
Holophagae,UBA9160,-0.023833341071758836
Holophagae,GWE2-31-10,0
Holophagae,Aerophobia,0
Holophagae,UBA2361,0
Holophagae,Binatia,-0.05244263444063905
Holophagae,SAR324,0
Holophagae,Magnetococcia,0.26347638360076475
Holophagae,Syntrophorhabdia,0.05498251822536162
Holophagae,Spirochaetia,0.39640920986061995
Holophagae,Fimbriimonadia,-0.010040737592879951
Holophagae,Dissulfuribacteria,0
DTU014,Aquificae,0
DTU014,Desulfovibrionia,0
DTU014,SZUA-182,0
DTU014,AC1,0
DTU014,UBA8468,0
DTU014,UBA4738,0
DTU014,4484-211,0
DTU014,UBA2968,0
DTU014,Kiritimatiellae,0
DTU014,Desulfobacteria,0
DTU014,Bacteriovoracia,0
DTU014,Methanosarcinia,0
DTU014,Heimdallarchaeia,0
DTU014,Acidimicrobiia,0
DTU014,Nitrospiria,0
DTU014,Syntrophobacteria,0
DTU014,WOR-3,0
DTU014,D2-FULL-39-29,0
DTU014,Paceibacteria_A,0
DTU014,koll11,0
DTU014,Dethiobacteria,0
DTU014,Desulfobaccia,0
DTU014,Vicinamibacteria,0
DTU014,Desulfofervidia,0
DTU014,HRBIN17,0
DTU014,UBA1551,0
DTU014,Bathyarchaeia,0
DTU014,Campylobacteria,0
DTU014,Dormibacteria,0
DTU014,Moorellia,0
DTU014,SM23-31,0
DTU014,UBA9042,0
DTU014,SW-10-69-26,0
DTU014,Fermentibacteria,0
DTU014,Planctomycetes,0
DTU014,Holophagae,0
DTU014,DTU014,1
DTU014,RBG-13-66-14,0
DTU014,UBA890,0
DTU014,UBA9160,0
DTU014,GWE2-31-10,0
DTU014,Aerophobia,0
DTU014,UBA2361,0
DTU014,Binatia,0
DTU014,SAR324,0
DTU014,Magnetococcia,0
DTU014,Syntrophorhabdia,0
DTU014,Spirochaetia,0
DTU014,Fimbriimonadia,0
DTU014,Dissulfuribacteria,0
RBG-13-66-14,Aquificae,0
RBG-13-66-14,Desulfovibrionia,0
RBG-13-66-14,SZUA-182,0
RBG-13-66-14,AC1,0
RBG-13-66-14,UBA8468,0
RBG-13-66-14,UBA4738,0
RBG-13-66-14,4484-211,0
RBG-13-66-14,UBA2968,0
RBG-13-66-14,Kiritimatiellae,0
RBG-13-66-14,Desulfobacteria,0
RBG-13-66-14,Bacteriovoracia,0
RBG-13-66-14,Methanosarcinia,0
RBG-13-66-14,Heimdallarchaeia,0
RBG-13-66-14,Acidimicrobiia,0
RBG-13-66-14,Nitrospiria,0
RBG-13-66-14,Syntrophobacteria,0
RBG-13-66-14,WOR-3,0
RBG-13-66-14,D2-FULL-39-29,0
RBG-13-66-14,Paceibacteria_A,0
RBG-13-66-14,koll11,0
RBG-13-66-14,Dethiobacteria,0
RBG-13-66-14,Desulfobaccia,0
RBG-13-66-14,Vicinamibacteria,0
RBG-13-66-14,Desulfofervidia,0
RBG-13-66-14,HRBIN17,0
RBG-13-66-14,UBA1551,0
RBG-13-66-14,Bathyarchaeia,0
RBG-13-66-14,Campylobacteria,0
RBG-13-66-14,Dormibacteria,0
RBG-13-66-14,Moorellia,0
RBG-13-66-14,SM23-31,0
RBG-13-66-14,UBA9042,0
RBG-13-66-14,SW-10-69-26,0
RBG-13-66-14,Fermentibacteria,0
RBG-13-66-14,Planctomycetes,0
RBG-13-66-14,Holophagae,0
RBG-13-66-14,DTU014,0
RBG-13-66-14,RBG-13-66-14,1
RBG-13-66-14,UBA890,0
RBG-13-66-14,UBA9160,0
RBG-13-66-14,GWE2-31-10,0
RBG-13-66-14,Aerophobia,0
RBG-13-66-14,UBA2361,0
RBG-13-66-14,Binatia,0
RBG-13-66-14,SAR324,0
RBG-13-66-14,Magnetococcia,0
RBG-13-66-14,Syntrophorhabdia,0
RBG-13-66-14,Spirochaetia,0
RBG-13-66-14,Fimbriimonadia,0
RBG-13-66-14,Dissulfuribacteria,0
UBA890,Aquificae,0
UBA890,Desulfovibrionia,0
UBA890,SZUA-182,0
UBA890,AC1,0
UBA890,UBA8468,0
UBA890,UBA4738,0
UBA890,4484-211,0
UBA890,UBA2968,0
UBA890,Kiritimatiellae,0
UBA890,Desulfobacteria,0
UBA890,Bacteriovoracia,0
UBA890,Methanosarcinia,0
UBA890,Heimdallarchaeia,0
UBA890,Acidimicrobiia,0
UBA890,Nitrospiria,0
UBA890,Syntrophobacteria,0
UBA890,WOR-3,0
UBA890,D2-FULL-39-29,0
UBA890,Paceibacteria_A,0
UBA890,koll11,0
UBA890,Dethiobacteria,0
UBA890,Desulfobaccia,0
UBA890,Vicinamibacteria,0
UBA890,Desulfofervidia,0
UBA890,HRBIN17,0
UBA890,UBA1551,0
UBA890,Bathyarchaeia,0
UBA890,Campylobacteria,0
UBA890,Dormibacteria,0
UBA890,Moorellia,0
UBA890,SM23-31,0
UBA890,UBA9042,0
UBA890,SW-10-69-26,0
UBA890,Fermentibacteria,0
UBA890,Planctomycetes,0
UBA890,Holophagae,0
UBA890,DTU014,0
UBA890,RBG-13-66-14,0
UBA890,UBA890,1
UBA890,UBA9160,0
UBA890,GWE2-31-10,0
UBA890,Aerophobia,0
UBA890,UBA2361,0
UBA890,Binatia,0
UBA890,SAR324,0
UBA890,Magnetococcia,0
UBA890,Syntrophorhabdia,0
UBA890,Spirochaetia,0
UBA890,Fimbriimonadia,0
UBA890,Dissulfuribacteria,0
UBA9160,Aquificae,0
UBA9160,Desulfovibrionia,-0.522549781496195
UBA9160,SZUA-182,0
UBA9160,AC1,0
UBA9160,UBA8468,0
UBA9160,UBA4738,0
UBA9160,4484-211,0
UBA9160,UBA2968,0
UBA9160,Kiritimatiellae,0.05629452735376791
UBA9160,Desulfobacteria,-0.23154627379472173
UBA9160,Bacteriovoracia,-0.09553009004728538
UBA9160,Methanosarcinia,-0.08488573538417313
UBA9160,Heimdallarchaeia,0
UBA9160,Acidimicrobiia,0.45962616763575254
UBA9160,Nitrospiria,0.659167767686967
UBA9160,Syntrophobacteria,-0.030602870663118717
UBA9160,WOR-3,0
UBA9160,D2-FULL-39-29,0
UBA9160,Paceibacteria_A,0.3314202516541432
UBA9160,koll11,0.5041875824360361
UBA9160,Dethiobacteria,0
UBA9160,Desulfobaccia,0
UBA9160,Vicinamibacteria,0.8768253993004437
UBA9160,Desulfofervidia,0
UBA9160,HRBIN17,0
UBA9160,UBA1551,0
UBA9160,Bathyarchaeia,0
UBA9160,Campylobacteria,-0.654453372242801
UBA9160,Dormibacteria,0.667233538931622
UBA9160,Moorellia,0
UBA9160,SM23-31,0
UBA9160,UBA9042,0.7599315703213637
UBA9160,SW-10-69-26,0
UBA9160,Fermentibacteria,-0.10470749523328333
UBA9160,Planctomycetes,0.8874170189648916
UBA9160,Holophagae,-0.023833341071758836
UBA9160,DTU014,0
UBA9160,RBG-13-66-14,0
UBA9160,UBA890,0
UBA9160,UBA9160,1
UBA9160,GWE2-31-10,0
UBA9160,Aerophobia,0
UBA9160,UBA2361,0
UBA9160,Binatia,0.9638348848953345
UBA9160,SAR324,0
UBA9160,Magnetococcia,0.28877720960471437
UBA9160,Syntrophorhabdia,-0.21958821001348325
UBA9160,Spirochaetia,-0.09668085776408547
UBA9160,Fimbriimonadia,0.8021183987770922
UBA9160,Dissulfuribacteria,0
GWE2-31-10,Aquificae,0
GWE2-31-10,Desulfovibrionia,0
GWE2-31-10,SZUA-182,0
GWE2-31-10,AC1,0
GWE2-31-10,UBA8468,0
GWE2-31-10,UBA4738,0
GWE2-31-10,4484-211,0
GWE2-31-10,UBA2968,0
GWE2-31-10,Kiritimatiellae,0
GWE2-31-10,Desulfobacteria,0
GWE2-31-10,Bacteriovoracia,0
GWE2-31-10,Methanosarcinia,0
GWE2-31-10,Heimdallarchaeia,0
GWE2-31-10,Acidimicrobiia,0
GWE2-31-10,Nitrospiria,0
GWE2-31-10,Syntrophobacteria,0
GWE2-31-10,WOR-3,0
GWE2-31-10,D2-FULL-39-29,0
GWE2-31-10,Paceibacteria_A,0
GWE2-31-10,koll11,0
GWE2-31-10,Dethiobacteria,0
GWE2-31-10,Desulfobaccia,0
GWE2-31-10,Vicinamibacteria,0
GWE2-31-10,Desulfofervidia,0
GWE2-31-10,HRBIN17,0
GWE2-31-10,UBA1551,0
GWE2-31-10,Bathyarchaeia,0
GWE2-31-10,Campylobacteria,0
GWE2-31-10,Dormibacteria,0
GWE2-31-10,Moorellia,0
GWE2-31-10,SM23-31,0
GWE2-31-10,UBA9042,0
GWE2-31-10,SW-10-69-26,0
GWE2-31-10,Fermentibacteria,0
GWE2-31-10,Planctomycetes,0
GWE2-31-10,Holophagae,0
GWE2-31-10,DTU014,0
GWE2-31-10,RBG-13-66-14,0
GWE2-31-10,UBA890,0
GWE2-31-10,UBA9160,0
GWE2-31-10,GWE2-31-10,1
GWE2-31-10,Aerophobia,0
GWE2-31-10,UBA2361,0
GWE2-31-10,Binatia,0
GWE2-31-10,SAR324,0
GWE2-31-10,Magnetococcia,0
GWE2-31-10,Syntrophorhabdia,0
GWE2-31-10,Spirochaetia,0
GWE2-31-10,Fimbriimonadia,0
GWE2-31-10,Dissulfuribacteria,0
Aerophobia,Aquificae,0
Aerophobia,Desulfovibrionia,0
Aerophobia,SZUA-182,0
Aerophobia,AC1,0
Aerophobia,UBA8468,0
Aerophobia,UBA4738,0
Aerophobia,4484-211,0
Aerophobia,UBA2968,0
Aerophobia,Kiritimatiellae,0
Aerophobia,Desulfobacteria,0
Aerophobia,Bacteriovoracia,0
Aerophobia,Methanosarcinia,0
Aerophobia,Heimdallarchaeia,0
Aerophobia,Acidimicrobiia,0
Aerophobia,Nitrospiria,0
Aerophobia,Syntrophobacteria,0
Aerophobia,WOR-3,0
Aerophobia,D2-FULL-39-29,0
Aerophobia,Paceibacteria_A,0
Aerophobia,koll11,0
Aerophobia,Dethiobacteria,0
Aerophobia,Desulfobaccia,0
Aerophobia,Vicinamibacteria,0
Aerophobia,Desulfofervidia,0
Aerophobia,HRBIN17,0
Aerophobia,UBA1551,0
Aerophobia,Bathyarchaeia,0
Aerophobia,Campylobacteria,0
Aerophobia,Dormibacteria,0
Aerophobia,Moorellia,0
Aerophobia,SM23-31,0
Aerophobia,UBA9042,0
Aerophobia,SW-10-69-26,0
Aerophobia,Fermentibacteria,0
Aerophobia,Planctomycetes,0
Aerophobia,Holophagae,0
Aerophobia,DTU014,0
Aerophobia,RBG-13-66-14,0
Aerophobia,UBA890,0
Aerophobia,UBA9160,0
Aerophobia,GWE2-31-10,0
Aerophobia,Aerophobia,1
Aerophobia,UBA2361,0
Aerophobia,Binatia,0
Aerophobia,SAR324,0
Aerophobia,Magnetococcia,0
Aerophobia,Syntrophorhabdia,0
Aerophobia,Spirochaetia,0
Aerophobia,Fimbriimonadia,0
Aerophobia,Dissulfuribacteria,0
UBA2361,Aquificae,0
UBA2361,Desulfovibrionia,0
UBA2361,SZUA-182,0
UBA2361,AC1,0
UBA2361,UBA8468,0
UBA2361,UBA4738,0
UBA2361,4484-211,0
UBA2361,UBA2968,0
UBA2361,Kiritimatiellae,0
UBA2361,Desulfobacteria,0
UBA2361,Bacteriovoracia,0
UBA2361,Methanosarcinia,0
UBA2361,Heimdallarchaeia,0
UBA2361,Acidimicrobiia,0
UBA2361,Nitrospiria,0
UBA2361,Syntrophobacteria,0
UBA2361,WOR-3,0
UBA2361,D2-FULL-39-29,0
UBA2361,Paceibacteria_A,0
UBA2361,koll11,0
UBA2361,Dethiobacteria,0
UBA2361,Desulfobaccia,0
UBA2361,Vicinamibacteria,0
UBA2361,Desulfofervidia,0
UBA2361,HRBIN17,0
UBA2361,UBA1551,0
UBA2361,Bathyarchaeia,0
UBA2361,Campylobacteria,0
UBA2361,Dormibacteria,0
UBA2361,Moorellia,0
UBA2361,SM23-31,0
UBA2361,UBA9042,0
UBA2361,SW-10-69-26,0
UBA2361,Fermentibacteria,0
UBA2361,Planctomycetes,0
UBA2361,Holophagae,0
UBA2361,DTU014,0
UBA2361,RBG-13-66-14,0
UBA2361,UBA890,0
UBA2361,UBA9160,0
UBA2361,GWE2-31-10,0
UBA2361,Aerophobia,0
UBA2361,UBA2361,1
UBA2361,Binatia,0
UBA2361,SAR324,0
UBA2361,Magnetococcia,0
UBA2361,Syntrophorhabdia,0
UBA2361,Spirochaetia,0
UBA2361,Fimbriimonadia,0
UBA2361,Dissulfuribacteria,0
Binatia,Aquificae,0
Binatia,Desulfovibrionia,-0.5393704817850956
Binatia,SZUA-182,0
Binatia,AC1,0
Binatia,UBA8468,0
Binatia,UBA4738,0
Binatia,4484-211,0
Binatia,UBA2968,0
Binatia,Kiritimatiellae,0.03611015757613555
Binatia,Desulfobacteria,-0.23897902509904825
Binatia,Bacteriovoracia,-0.0713921915170714
Binatia,Methanosarcinia,-0.09191065685146581
Binatia,Heimdallarchaeia,0
Binatia,Acidimicrobiia,0.5330161870919101
Binatia,Nitrospiria,0.7434564151853021
Binatia,Syntrophobacteria,-0.04350025559746379
Binatia,WOR-3,0
Binatia,D2-FULL-39-29,0
Binatia,Paceibacteria_A,0.3174794599384175
Binatia,koll11,0.4742150711167193
Binatia,Dethiobacteria,0
Binatia,Desulfobaccia,0
Binatia,Vicinamibacteria,0.8913533517734854
Binatia,Desulfofervidia,0
Binatia,HRBIN17,0
Binatia,UBA1551,0
Binatia,Bathyarchaeia,0
Binatia,Campylobacteria,-0.6519594444072173
Binatia,Dormibacteria,0.6657549951855263
Binatia,Moorellia,0
Binatia,SM23-31,0
Binatia,UBA9042,0.7334469042634986
Binatia,SW-10-69-26,0
Binatia,Fermentibacteria,-0.11266410825072948
Binatia,Planctomycetes,0.8929487348489485
Binatia,Holophagae,-0.05244263444063905
Binatia,DTU014,0
Binatia,RBG-13-66-14,0
Binatia,UBA890,0
Binatia,UBA9160,0.9638348848953345
Binatia,GWE2-31-10,0
Binatia,Aerophobia,0
Binatia,UBA2361,0
Binatia,Binatia,1
Binatia,SAR324,0
Binatia,Magnetococcia,0.27271723973122264
Binatia,Syntrophorhabdia,-0.1857508956995171
Binatia,Spirochaetia,-0.10871506704185384
Binatia,Fimbriimonadia,0.7723456631220726
Binatia,Dissulfuribacteria,0
SAR324,Aquificae,0
SAR324,Desulfovibrionia,0
SAR324,SZUA-182,0
SAR324,AC1,0
SAR324,UBA8468,0
SAR324,UBA4738,0
SAR324,4484-211,0
SAR324,UBA2968,0
SAR324,Kiritimatiellae,0
SAR324,Desulfobacteria,0
SAR324,Bacteriovoracia,0
SAR324,Methanosarcinia,0
SAR324,Heimdallarchaeia,0
SAR324,Acidimicrobiia,0
SAR324,Nitrospiria,0
SAR324,Syntrophobacteria,0
SAR324,WOR-3,0
SAR324,D2-FULL-39-29,0
SAR324,Paceibacteria_A,0
SAR324,koll11,0
SAR324,Dethiobacteria,0
SAR324,Desulfobaccia,0
SAR324,Vicinamibacteria,0
SAR324,Desulfofervidia,0
SAR324,HRBIN17,0
SAR324,UBA1551,0
SAR324,Bathyarchaeia,0
SAR324,Campylobacteria,0
SAR324,Dormibacteria,0
SAR324,Moorellia,0
SAR324,SM23-31,0
SAR324,UBA9042,0
SAR324,SW-10-69-26,0
SAR324,Fermentibacteria,0
SAR324,Planctomycetes,0
SAR324,Holophagae,0
SAR324,DTU014,0
SAR324,RBG-13-66-14,0
SAR324,UBA890,0
SAR324,UBA9160,0
SAR324,GWE2-31-10,0
SAR324,Aerophobia,0
SAR324,UBA2361,0
SAR324,Binatia,0
SAR324,SAR324,1
SAR324,Magnetococcia,0
SAR324,Syntrophorhabdia,0
SAR324,Spirochaetia,0
SAR324,Fimbriimonadia,0
SAR324,Dissulfuribacteria,0
Magnetococcia,Aquificae,0
Magnetococcia,Desulfovibrionia,0.0965137226828466
Magnetococcia,SZUA-182,0
Magnetococcia,AC1,0
Magnetococcia,UBA8468,0
Magnetococcia,UBA4738,0
Magnetococcia,4484-211,0
Magnetococcia,UBA2968,0
Magnetococcia,Kiritimatiellae,0.08121441216129174
Magnetococcia,Desulfobacteria,0.23787042342557385
Magnetococcia,Bacteriovoracia,-0.08602727351892292
Magnetococcia,Methanosarcinia,-0.05389697608843303
Magnetococcia,Heimdallarchaeia,0
Magnetococcia,Acidimicrobiia,-0.10486011775467174
Magnetococcia,Nitrospiria,0.062488105496063685
Magnetococcia,Syntrophobacteria,0.05903359464982022
Magnetococcia,WOR-3,0
Magnetococcia,D2-FULL-39-29,0
Magnetococcia,Paceibacteria_A,-0.050262958721952786
Magnetococcia,koll11,0.3893493927722608
Magnetococcia,Dethiobacteria,0
Magnetococcia,Desulfobaccia,0
Magnetococcia,Vicinamibacteria,0.20926879482775365
Magnetococcia,Desulfofervidia,0
Magnetococcia,HRBIN17,0
Magnetococcia,UBA1551,0
Magnetococcia,Bathyarchaeia,0
Magnetococcia,Campylobacteria,-0.11542575409112059
Magnetococcia,Dormibacteria,0.3469604882168633
Magnetococcia,Moorellia,0
Magnetococcia,SM23-31,0
Magnetococcia,UBA9042,0.2569558289899563
Magnetococcia,SW-10-69-26,0
Magnetococcia,Fermentibacteria,-0.04359687336938326
Magnetococcia,Planctomycetes,0.26857795337455187
Magnetococcia,Holophagae,0.26347638360076475
Magnetococcia,DTU014,0
Magnetococcia,RBG-13-66-14,0
Magnetococcia,UBA890,0
Magnetococcia,UBA9160,0.28877720960471437
Magnetococcia,GWE2-31-10,0
Magnetococcia,Aerophobia,0
Magnetococcia,UBA2361,0
Magnetococcia,Binatia,0.27271723973122264
Magnetococcia,SAR324,0
Magnetococcia,Magnetococcia,1
Magnetococcia,Syntrophorhabdia,-0.015864596115933643
Magnetococcia,Spirochaetia,0.0873530986747932
Magnetococcia,Fimbriimonadia,0.37972841693446124
Magnetococcia,Dissulfuribacteria,0
Syntrophorhabdia,Aquificae,0
Syntrophorhabdia,Desulfovibrionia,0.2023413672143216
Syntrophorhabdia,SZUA-182,0
Syntrophorhabdia,AC1,0
Syntrophorhabdia,UBA8468,0
Syntrophorhabdia,UBA4738,0
Syntrophorhabdia,4484-211,0
Syntrophorhabdia,UBA2968,0
Syntrophorhabdia,Kiritimatiellae,0.5965533762979681
Syntrophorhabdia,Desulfobacteria,0.5078175637040591
Syntrophorhabdia,Bacteriovoracia,0.0891495340506155
Syntrophorhabdia,Methanosarcinia,0.6921644837259286
Syntrophorhabdia,Heimdallarchaeia,0
Syntrophorhabdia,Acidimicrobiia,-0.004618278534261966
Syntrophorhabdia,Nitrospiria,-0.10076122008181998
Syntrophorhabdia,Syntrophobacteria,0.5095637351916951
Syntrophorhabdia,WOR-3,0
Syntrophorhabdia,D2-FULL-39-29,0
Syntrophorhabdia,Paceibacteria_A,0.17059750058595305
Syntrophorhabdia,koll11,0.1447728214839559
Syntrophorhabdia,Dethiobacteria,0
Syntrophorhabdia,Desulfobaccia,0
Syntrophorhabdia,Vicinamibacteria,-0.2256765887601902
Syntrophorhabdia,Desulfofervidia,0
Syntrophorhabdia,HRBIN17,0
Syntrophorhabdia,UBA1551,0
Syntrophorhabdia,Bathyarchaeia,0
Syntrophorhabdia,Campylobacteria,0.2459986703624655
Syntrophorhabdia,Dormibacteria,-0.14698118456954581
Syntrophorhabdia,Moorellia,0
Syntrophorhabdia,SM23-31,0
Syntrophorhabdia,UBA9042,-0.23350403111372142
Syntrophorhabdia,SW-10-69-26,0
Syntrophorhabdia,Fermentibacteria,0.23191080899010807
Syntrophorhabdia,Planctomycetes,-0.191529331779828
Syntrophorhabdia,Holophagae,0.05498251822536162
Syntrophorhabdia,DTU014,0
Syntrophorhabdia,RBG-13-66-14,0
Syntrophorhabdia,UBA890,0
Syntrophorhabdia,UBA9160,-0.21958821001348325
Syntrophorhabdia,GWE2-31-10,0
Syntrophorhabdia,Aerophobia,0
Syntrophorhabdia,UBA2361,0
Syntrophorhabdia,Binatia,-0.1857508956995171
Syntrophorhabdia,SAR324,0
Syntrophorhabdia,Magnetococcia,-0.015864596115933643
Syntrophorhabdia,Syntrophorhabdia,1
Syntrophorhabdia,Spirochaetia,0.7300165375887131
Syntrophorhabdia,Fimbriimonadia,-0.14809801016118235
Syntrophorhabdia,Dissulfuribacteria,0
Spirochaetia,Aquificae,0
Spirochaetia,Desulfovibrionia,0.3853083931908674
Spirochaetia,SZUA-182,0
Spirochaetia,AC1,0
Spirochaetia,UBA8468,0
Spirochaetia,UBA4738,0
Spirochaetia,4484-211,0
Spirochaetia,UBA2968,0
Spirochaetia,Kiritimatiellae,0.7504200910366793
Spirochaetia,Desulfobacteria,0.7127071717995218
Spirochaetia,Bacteriovoracia,-0.0709919543653023
Spirochaetia,Methanosarcinia,0.5748626177046955
Spirochaetia,Heimdallarchaeia,0
Spirochaetia,Acidimicrobiia,-0.08636780387563614
Spirochaetia,Nitrospiria,-0.10682576315951046
Spirochaetia,Syntrophobacteria,0.5027995054157526
Spirochaetia,WOR-3,0
Spirochaetia,D2-FULL-39-29,0
Spirochaetia,Paceibacteria_A,0.20568028057176524
Spirochaetia,koll11,0.22106195805631923
Spirochaetia,Dethiobacteria,0
Spirochaetia,Desulfobaccia,0
Spirochaetia,Vicinamibacteria,-0.12763016368037164
Spirochaetia,Desulfofervidia,0
Spirochaetia,HRBIN17,0
Spirochaetia,UBA1551,0
Spirochaetia,Bathyarchaeia,0
Spirochaetia,Campylobacteria,0.3411148381089143
Spirochaetia,Dormibacteria,-0.025295886035965703
Spirochaetia,Moorellia,0
Spirochaetia,SM23-31,0
Spirochaetia,UBA9042,-0.09871829446225328
Spirochaetia,SW-10-69-26,0
Spirochaetia,Fermentibacteria,0.3085544930993434
Spirochaetia,Planctomycetes,-0.08684215616459999
Spirochaetia,Holophagae,0.39640920986061995
Spirochaetia,DTU014,0
Spirochaetia,RBG-13-66-14,0
Spirochaetia,UBA890,0
Spirochaetia,UBA9160,-0.09668085776408547
Spirochaetia,GWE2-31-10,0
Spirochaetia,Aerophobia,0
Spirochaetia,UBA2361,0
Spirochaetia,Binatia,-0.10871506704185384
Spirochaetia,SAR324,0
Spirochaetia,Magnetococcia,0.0873530986747932
Spirochaetia,Syntrophorhabdia,0.7300165375887131
Spirochaetia,Spirochaetia,1
Spirochaetia,Fimbriimonadia,-0.0748135748053035
Spirochaetia,Dissulfuribacteria,0
Fimbriimonadia,Aquificae,0
Fimbriimonadia,Desulfovibrionia,-0.4037269115468274
Fimbriimonadia,SZUA-182,0
Fimbriimonadia,AC1,0
Fimbriimonadia,UBA8468,0
Fimbriimonadia,UBA4738,0
Fimbriimonadia,4484-211,0
Fimbriimonadia,UBA2968,0
Fimbriimonadia,Kiritimatiellae,0.057778954107796585
Fimbriimonadia,Desulfobacteria,-0.17558213436718031
Fimbriimonadia,Bacteriovoracia,-0.04586791535990872
Fimbriimonadia,Methanosarcinia,-0.030872556777948996
Fimbriimonadia,Heimdallarchaeia,0
Fimbriimonadia,Acidimicrobiia,0.16746224970977489
Fimbriimonadia,Nitrospiria,0.39519747054456106
Fimbriimonadia,Syntrophobacteria,0.013633025142192747
Fimbriimonadia,WOR-3,0
Fimbriimonadia,D2-FULL-39-29,0
Fimbriimonadia,Paceibacteria_A,0.4192303889521714
Fimbriimonadia,koll11,0.6701152122519963
Fimbriimonadia,Dethiobacteria,0
Fimbriimonadia,Desulfobaccia,0
Fimbriimonadia,Vicinamibacteria,0.7005149237653017
Fimbriimonadia,Desulfofervidia,0
Fimbriimonadia,HRBIN17,0
Fimbriimonadia,UBA1551,0
Fimbriimonadia,Bathyarchaeia,0
Fimbriimonadia,Campylobacteria,-0.5189766441274496
Fimbriimonadia,Dormibacteria,0.6111940985613266
Fimbriimonadia,Moorellia,0
Fimbriimonadia,SM23-31,0
Fimbriimonadia,UBA9042,0.5388129105762953
Fimbriimonadia,SW-10-69-26,0
Fimbriimonadia,Fermentibacteria,-0.08683532303375997
Fimbriimonadia,Planctomycetes,0.7778493903008766
Fimbriimonadia,Holophagae,-0.010040737592879951
Fimbriimonadia,DTU014,0
Fimbriimonadia,RBG-13-66-14,0
Fimbriimonadia,UBA890,0
Fimbriimonadia,UBA9160,0.8021183987770922
Fimbriimonadia,GWE2-31-10,0
Fimbriimonadia,Aerophobia,0
Fimbriimonadia,UBA2361,0
Fimbriimonadia,Binatia,0.7723456631220726
Fimbriimonadia,SAR324,0
Fimbriimonadia,Magnetococcia,0.37972841693446124
Fimbriimonadia,Syntrophorhabdia,-0.14809801016118235
Fimbriimonadia,Spirochaetia,-0.0748135748053035
Fimbriimonadia,Fimbriimonadia,1
Fimbriimonadia,Dissulfuribacteria,0
Dissulfuribacteria,Aquificae,0
Dissulfuribacteria,Desulfovibrionia,0
Dissulfuribacteria,SZUA-182,0
Dissulfuribacteria,AC1,0
Dissulfuribacteria,UBA8468,0
Dissulfuribacteria,UBA4738,0
Dissulfuribacteria,4484-211,0
Dissulfuribacteria,UBA2968,0
Dissulfuribacteria,Kiritimatiellae,0
Dissulfuribacteria,Desulfobacteria,0
Dissulfuribacteria,Bacteriovoracia,0
Dissulfuribacteria,Methanosarcinia,0
Dissulfuribacteria,Heimdallarchaeia,0
Dissulfuribacteria,Acidimicrobiia,0
Dissulfuribacteria,Nitrospiria,0
Dissulfuribacteria,Syntrophobacteria,0
Dissulfuribacteria,WOR-3,0
Dissulfuribacteria,D2-FULL-39-29,0
Dissulfuribacteria,Paceibacteria_A,0
Dissulfuribacteria,koll11,0
Dissulfuribacteria,Dethiobacteria,0
Dissulfuribacteria,Desulfobaccia,0
Dissulfuribacteria,Vicinamibacteria,0
Dissulfuribacteria,Desulfofervidia,0
Dissulfuribacteria,HRBIN17,0
Dissulfuribacteria,UBA1551,0
Dissulfuribacteria,Bathyarchaeia,0
Dissulfuribacteria,Campylobacteria,0
Dissulfuribacteria,Dormibacteria,0
Dissulfuribacteria,Moorellia,0
Dissulfuribacteria,SM23-31,0
Dissulfuribacteria,UBA9042,0
Dissulfuribacteria,SW-10-69-26,0
Dissulfuribacteria,Fermentibacteria,0
Dissulfuribacteria,Planctomycetes,0
Dissulfuribacteria,Holophagae,0
Dissulfuribacteria,DTU014,0
Dissulfuribacteria,RBG-13-66-14,0
Dissulfuribacteria,UBA890,0
Dissulfuribacteria,UBA9160,0
Dissulfuribacteria,GWE2-31-10,0
Dissulfuribacteria,Aerophobia,0
Dissulfuribacteria,UBA2361,0
Dissulfuribacteria,Binatia,0
Dissulfuribacteria,SAR324,0
Dissulfuribacteria,Magnetococcia,0
Dissulfuribacteria,Syntrophorhabdia,0
Dissulfuribacteria,Spirochaetia,0
Dissulfuribacteria,Fimbriimonadia,0
Dissulfuribacteria,Dissulfuribacteria,1
